{
  "mean": [
    0.12400709219858157,
    0.022375886524822693,
    0.02171985815602837,
    0.12400709219858157,
    0.02671985815602837,
    0.005319148936170213,
    0.0025709219858156026,
    0.019982269503546098,
    0.1675354609929078,
    0.038953900709219856,
    0.029680851063829786,
    0.08423758865248226,
    0.0823404255319149,
    0.0,
    0.0,
    0.042765957446808514,
    0.054326241134751777,
    0.006790780141843972,
    0.005602836879432624,
    0.0010638297872340426,
    0.002127659574468085,
    0.0031914893617021275,
    0.0,
    0.3399822695035461,
    0.3399113475177305,
    -6.781270799595901e-05,
    -7.198055729362595e-05,
    0.002559172794767135,
    0.003768704844211849,
    0.5091017416349434,
    0.4919205391185081,
    0.04313829787234043,
    0.052127659574468084,
    -0.000549481046758148,
    -0.0005519191774081922,
    2.438129519037533e-06,
    0.0,
    0.0,
    1.0065513016494876,
    0.9973717083142581,
    0.9881921138661973,
    0.01831620982948836,
    0.4768772047102172,
    0.9966312056737588,
    0.003800662979983117,
    0.003800662979983117,
    0.24128997156621082,
    0.3522872340425532,
    0.5008665829997325,
    0.5008380059749945,
    0.20423758865248226,
    0.20409574468085107,
    0.0,
    0.0,
    0.0,
    0.0,
    0.0,
    0.35943262411347515,
    0.3852127659574468,
    1.007665616120575,
    1.0142639065739956,
    1.0143830637945563,
    -0.9349092093267782,
    0.16703900709219857,
    0.9973717083142581,
    0.9801527016752578,
    0.8272358867061054,
    0.46664893617021275,
    0.45152482269503547,
    0.3425886524822695,
    0.0,
    0.0,
    0.1819148936170213,
    0.0,
    0.0,
    0.22393617021276596
  ],
  "std": [
    0.3295896437741166,
    0.14790269175060566,
    0.14576730057775883,
    0.3295896437741166,
    0.16126347179735737,
    0.07273826771903061,
    0.05063903974164131,
    0.1399391953993673,
    0.37345325049181594,
    0.19348512689301856,
    0.16970532738833258,
    0.277743797969598,
    0.27488266561423486,
    1.0,
    1.0,
    0.202329015048467,
    0.22666031999203415,
    0.08212591215275297,
    0.0746421134369713,
    0.032599049885202964,
    0.046077463463249306,
    0.05640304741196416,
    1.0,
    0.4737027822663313,
    0.4736788187645632,
    0.0028847086964990834,
    0.002887108795603666,
    0.0013027663757814332,
    0.002512572416840337,
    0.31925238985340126,
    0.12258231516749145,
    0.20316836645743608,
    0.22228442743863586,
    0.003808070390169724,
    0.0036208996640434664,
    0.0010702660003395982,
    1.0,
    1.0,
    0.059722613356983575,
    0.05853011714925141,
    0.05812524480213377,
    0.013516396583713595,
    0.3352476363930543,
    0.057943468579585614,
    0.001535726385425884,
    0.001535726385425884,
    0.11966925725233103,
    0.47768288515838975,
    0.28575467561610085,
    0.27799582376596654,
    0.403143393885904,
    0.40303929297781094,
    1.0,
    1.0,
    1.0,
    1.0,
    1.0,
    0.4798341513861442,
    0.4866455495543402,
    1.297825375337598,
    0.9245264649416775,
    0.7476786061823393,
    0.9387352689713351,
    0.37301069314681373,
    0.05853011714925141,
    0.1466745188092645,
    0.3887067558639716,
    0.498886466584769,
    0.49764460931997756,
    0.4745752497471329,
    1.0,
    1.0,
    0.3857743707108232,
    1.0,
    1.0,
    0.4168797930857371
  ]
}