{
  "mean": [
    0.1525531914893617,
    0.028120567375886526,
    0.019485815602836878,
    0.1525531914893617,
    0.017570921985815603,
    0.002127659574468085,
    0.0031914893617021275,
    0.01898936170212766,
    0.20124113475177305,
    0.022925531914893618,
    0.014574468085106382,
    0.090177304964539,
    0.07789007092198581,
    0.0,
    0.0,
    0.034148936170212765,
    0.050265957446808514,
    0.003936170212765958,
    0.0010638297872340426,
    0.0,
    0.005319148936170213,
    0.0,
    0.0,
    0.37439716312056737,
    0.28921985815602835,
    0.00027856968726355135,
    0.0002449319128238698,
    0.006901882283425896,
    0.010911361427180112,
    0.5224318250187991,
    0.544789452985299,
    0.022641843971631204,
    0.1356560283687943,
    0.0016125780030700086,
    0.0016577506272725058,
    -4.5172627692763916e-05,
    0.0,
    0.0,
    1.019213355937114,
    0.9945984854247976,
    0.9699836149494698,
    0.049294031270439506,
    0.569029722149469,
    0.912322695035461,
    0.010731293459770481,
    0.010731293459770481,
    0.2962883546780663,
    0.5778014184397163,
    0.5623495708938344,
    0.5624760941355258,
    0.10898936170212765,
    0.25416666666666665,
    0.0,
    0.0,
    0.0,
    0.0,
    0.0,
    0.5341489361702128,
    0.21638297872340426,
    1.0196746902885114,
    1.0069522402224178,
    1.0469263373986415,
    1.0492061470304814,
    0.18219858156028368,
    0.9945984854247976,
    0.9727737026138509,
    0.7953588963273569,
    0.5880851063829787,
    0.630709219858156,
    0.5829787234042553,
    0.0,
    0.0,
    0.39680851063829786,
    0.0,
    0.0,
    0.43450354609929076
  ],
  "std": [
    0.3595562755060391,
    0.16531727395035875,
    0.1382248841314042,
    0.3595562755060391,
    0.13138563348542776,
    0.046077463463223896,
    0.05640304741198387,
    0.13648723692811937,
    0.40092784941362114,
    0.14966613478441218,
    0.1198417830522866,
    0.2864356099263105,
    0.26799852196175966,
    1.0,
    1.0,
    0.1816116359946052,
    0.21849322865641135,
    0.06261530784733942,
    0.032599049885210125,
    1.0,
    0.07273826771898564,
    1.0,
    1.0,
    0.4839668659814858,
    0.45340018946194943,
    0.008180999054966918,
    0.008207437434562542,
    0.004191444536597833,
    0.012790155873081884,
    0.29469625054625814,
    0.13025501527232108,
    0.1487588346055373,
    0.3424229407269182,
    0.01002272598464816,
    0.009397260100691697,
    0.0029607941259883193,
    1.0,
    1.0,
    0.06671099456489166,
    0.06179866836535547,
    0.06274808215834708,
    0.03849493989354991,
    0.34012966950835377,
    0.28282502569379026,
    0.006390300034421901,
    0.006390300034421901,
    0.11428304432336404,
    0.49390984935408644,
    0.2617551495758849,
    0.2544954018858815,
    0.3116258666060339,
    0.4353917456982775,
    1.0,
    1.0,
    1.0,
    1.0,
    1.0,
    0.49883248707218036,
    0.4117783205103585,
    1.2667200878071143,
    0.7801672554469431,
    0.8069813028716332,
    0.4579701345465559,
    0.38600810669952396,
    0.06179866836535547,
    0.14934087092281714,
    0.37729349227405196,
    0.4921798594351105,
    0.4826127845841161,
    0.49306645745006494,
    1.0,
    1.0,
    0.48923564518890883,
    1.0,
    1.0,
    0.495691652669438
  ]
}