{
  "mean": [
    0.1,
    0.00909090909090909,
    0.00808080808080808,
    0.03838383838383838,
    0.00404040404040404,
    0.00909090909090909,
    0.007070707070707071,
    0.00404040404040404,
    0.21818181818181817,
    0.01919191919191919,
    0.013131313131313131,
    0.1383838383838384,
    0.11616161616161616,
    0.0,
    0.0,
    0.12323232323232323,
    0.1383838383838384,
    0.22323232323232323,
    0.2222222222222222,
    0.01919191919191919,
    0.023232323232323233,
    0.1303030303030303,
    0.08383838383838384,
    0.0,
    0.0,
    0.0002691352125345948,
    0.0002363377538479676,
    0.006787686728352342,
    0.010688726051796752,
    0.5223147201341422,
    55.12584928963454,
    0.023232323232323233,
    0.1393939393939394,
    1.7225006906462865,
    1.8064382291346581,
    -0.1057902712246471,
    0.031313131313131314,
    0.030303030303030304,
    1075.7322017931288,
    1048.7722671717172,
    1021.8123325503057,
    0.04880517908836518,
    0.5736965892373707,
    0.13333333333333333,
    11.587557559177077,
    0.010473554553367733,
    29.78017399238623,
    0.591919191919192,
    57.04189943880723,
    56.9669736431764,
    0.1404040404040404,
    0.26262626262626265,
    1048.6185404040405,
    1045.258691919192,
    1047.0292727272727,
    1039.4828888888887,
    1056.8033434343433,
    0.6666666666666666,
    0.6,
    22345.659142575758,
    1.047716510108981,
    642804.7982545454,
    640892.4846097475,
    0.5767676767676768,
    1048.7722671717172,
    1045.2420303030303,
    1024.3681908080807,
    1049.510030598965,
    1047.8119610619694,
    0.5777777777777777,
    0.6080808080808081,
    0.5656565656565656,
    0.00202020202020202,
    0.37777777777777777,
    0.12222222222222222,
    0.5
  ],
  "scale": [
    0.3,
    0.09491187735373227,
    0.08952937295418317,
    0.1921211059065655,
    0.06343563017417206,
    0.09491187735373227,
    0.08378969013087066,
    0.06343563017417206,
    0.41301151605820174,
    0.1371990868397091,
    0.11383708423339266,
    0.3453024060993408,
    0.3204186247588262,
    1.0,
    1.0,
    0.32870369292584384,
    0.3453024060993408,
    0.41641283973554755,
    0.41573970964154905,
    0.1371990868397091,
    0.15064057351707108,
    0.3366365259398894,
    0.27714528542580635,
    1.0,
    1.0,
    0.008078291826940488,
    0.008104465247086317,
    0.004230227240701858,
    0.012598567656644978,
    0.29560183321978994,
    13.426476832726117,
    0.15064057351707105,
    0.34635714090253455,
    11.513899053628693,
    10.824453094358876,
    3.36021048019605,
    0.17416262262752566,
    0.17141982574219336,
    146.37301317052828,
    130.71657502192176,
    117.78100609315369,
    0.03879960716626431,
    0.33567836943636575,
    0.33993463423951903,
    8.119677982256968,
    0.006481610339007815,
    12.487126864132327,
    0.4914782417940012,
    27.986639344182883,
    26.065897193264004,
    0.3474057366283133,
    0.4400610285008478,
    130.22176037074775,
    128.68817454709531,
    129.01569247317238,
    125.7091578797509,
    127.57429665613013,
    0.4714045207910317,
    0.48989794855663565,
    17684.11865790552,
    0.7968139102044961,
    312847.40050660423,
    310191.2557075026,
    0.4940715776116792,
    130.71657502192176,
    129.9698099520249,
    117.7850430008715,
    130.4453166753005,
    129.94244820733542,
    0.49391357268650815,
    0.4881787981104869,
    0.4956704705610221,
    0.044901233880591654,
    0.4848316495393651,
    0.3275422882885261,
    0.5
  ],
  "n_features": 76,
  "var": [
    0.09,
    0.009008264462809917,
    0.008015508621569226,
    0.03691051933476176,
    0.004024079175594328,
    0.009008264462809917,
    0.007020712172227325,
    0.004024079175594328,
    0.17057851239669422,
    0.018823589429650043,
    0.012958881746760536,
    0.11923375165799407,
    0.10266809509233749,
    0.0,
    0.0,
    0.10804611774308744,
    0.11923375165799407,
    0.1733996530966228,
    0.17283950617283952,
    0.01882358942965004,
    0.022692582389552095,
    0.11332415059687784,
    0.07680950923375167,
    0.0,
    0.0,
    6.525879884121349e-05,
    6.568235694122988e-05,
    1.7894822507976057e-05,
    0.00015872390699906094,
    0.0873804438029005,
    180.27028013973114,
    0.022692582389552088,
    0.11996326905417816,
    132.56987141715172,
    117.16878479197544,
    11.291014471219368,
    0.03033261912049791,
    0.02938475665748394,
    21425.05898461964,
    17086.822985461702,
    13872.365396315507,
    0.0015054095162564285,
    0.11267996770745727,
    0.11555555555555556,
    65.92917053554861,
    4.201127258673301e-05,
    155.9283373209352,
    0.2415508621569227,
    783.2519817813654,
    679.4309964898082,
    0.12069074584226099,
    0.19365370880522398,
    16957.706874056446,
    16560.646268263674,
    16645.048904332187,
    15802.792374836137,
    16275.201167306297,
    0.22222222222222224,
    0.24000000000000002,
    312728052.7068822,
    0.6349124074953788,
    97873496003.73964,
    96218615117.39728,
    0.24410672380369353,
    17086.822985461702,
    16892.151498965464,
    13873.316354717148,
    17015.98064251943,
    16885.039846116048,
    0.24395061728395057,
    0.23831853892459956,
    0.24568921538618507,
    0.002016120803999592,
    0.23506172839506173,
    0.10728395061728395,
    0.25
  ]
}