{
  "mean": [
    0.13625886524822695,
    0.019539007092198583,
    0.02221631205673759,
    0.13625886524822695,
    0.033847517730496456,
    0.002127659574468085,
    0.002127659574468085,
    0.013829787234042552,
    0.19074468085106383,
    0.03324468085106383,
    0.023386524822695036,
    0.08959219858156028,
    0.08553191489361703,
    0.0010638297872340426,
    0.0,
    0.04379432624113475,
    0.05852836879432624,
    0.001028368794326241,
    0.007446808510638298,
    0.0,
    0.0010638297872340426,
    0.0010638297872340426,
    0.0,
    0.34127659574468083,
    0.3466312056737589,
    -0.00014428532073916937,
    -0.00018133065380854197,
    0.006173398223072324,
    0.009007339041922836,
    0.5025452938447962,
    0.4870463373823792,
    0.06455673758865248,
    0.04042553191489362,
    -0.0014643040788826299,
    -0.0014546088465959197,
    -9.695230801331e-06,
    0.0,
    0.0,
    1.0198011258519288,
    0.9986379319344852,
    0.9774747381671101,
    0.041988114300497696,
    0.482215942414172,
    0.9583333333333334,
    0.008986953767049556,
    0.008986953767049556,
    0.2629633143488714,
    0.4419503546099291,
    0.5044309978747199,
    0.5045486410386226,
    0.17597517730496454,
    0.19143617021276596,
    0.0,
    0.0,
    0.0,
    0.0,
    0.0,
    0.36159574468085104,
    0.3870567375886525,
    1.0362361167517247,
    1.036677595089249,
    1.038561440961475,
    -0.9855912797025331,
    0.16423758865248228,
    0.9986379319344852,
    0.9834214636165622,
    0.8373250256954355,
    0.4723581560283688,
    0.4370921985815603,
    0.20092198581560283,
    0.0,
    0.0,
    0.1325,
    0.0,
    0.0,
    0.26132978723404254
  ],
  "std": [
    0.3430632403645641,
    0.13840966112978256,
    0.1473863885687468,
    0.3430632403645641,
    0.18083656509110602,
    0.046077463463222876,
    0.04607746346324221,
    0.11678409232037043,
    0.39288821257203294,
    0.1792748505678858,
    0.1511277449028259,
    0.2855966325691222,
    0.27967160461545376,
    0.03259904988520706,
    1.0,
    0.20463719903836172,
    0.23473985354145088,
    0.03205169655336793,
    0.0859729815328752,
    1.0,
    0.03259904988522001,
    0.032599049885222414,
    1.0,
    0.47413803996491777,
    0.47589706127163167,
    0.008565931047487001,
    0.008631111562337849,
    0.006051922678724528,
    0.011426970004501377,
    0.3055130787136884,
    0.12152297868387313,
    0.24574207051428254,
    0.19695509204966571,
    0.008134430594296629,
    0.007607652290399961,
    0.0025255444887543697,
    1.0,
    1.0,
    0.06710952896204501,
    0.061029311371598984,
    0.06023480420470107,
    0.03540479175609502,
    0.33285532658957995,
    0.19982631347138488,
    0.005189477851221254,
    0.005189477851221254,
    0.11638301126301726,
    0.49661880619847704,
    0.27124070021883434,
    0.2628230193039048,
    0.3807990471067234,
    0.3934315225639103,
    1.0,
    1.0,
    1.0,
    1.0,
    1.0,
    0.4804625501633456,
    0.4870768106529298,
    1.1663232002781805,
    0.7523359900966125,
    0.8073099357162455,
    0.7111017979739231,
    0.370491029751274,
    0.061029311371598984,
    0.14946747194444446,
    0.39623054215478404,
    0.499235343762514,
    0.49602682238037143,
    0.40068983195423047,
    1.0,
    1.0,
    0.339033552911737,
    1.0,
    1.0,
    0.4393592260762862
  ]
}