{
  "mean": [
    0.15817375886524823,
    0.02553191489361702,
    0.01702127659574468,
    0.15817375886524823,
    0.02368794326241135,
    0.00476950354609929,
    0.0031914893617021275,
    0.02021276595744681,
    0.21583333333333332,
    0.029875886524822697,
    0.030443262411347517,
    0.08601063829787234,
    0.09547872340425533,
    0.0,
    0.0,
    0.04929078014184397,
    0.03280141843971631,
    0.0010638297872340426,
    0.0064539007092198585,
    0.0,
    0.005319148936170213,
    0.0010638297872340426,
    0.0,
    0.34448581560283686,
    0.34113475177304964,
    -3.676775060190568e-05,
    -4.311866338363495e-05,
    0.0031752893273472613,
    0.005018328398148033,
    0.5035425653137996,
    0.5099864475759315,
    0.051684397163120566,
    0.08937943262411348,
    -0.00026484224175638823,
    -0.00023798351817098663,
    -2.685872053839279e-05,
    0.0,
    0.0,
    1.0083684649418854,
    0.9970701008665224,
    0.9857717382495708,
    0.022520931702353232,
    0.5095776156795373,
    0.9849290780141844,
    0.004954881637876503,
    0.004954881637876503,
    0.3102420948237075,
    0.5842553191489361,
    0.528610721746912,
    0.528638974544295,
    0.1448404255319149,
    0.19668439716312056,
    0.0,
    0.0,
    0.0,
    0.0,
    0.0,
    0.4,
    0.3550531914893617,
    1.013748561608876,
    1.0021849462014776,
    1.0426398846871676,
    -0.625358143358391,
    0.16609929078014185,
    0.9970701008665224,
    0.9793312435739852,
    0.8238575986450446,
    0.5283687943262412,
    0.49115248226950353,
    0.3702127659574468,
    0.0,
    0.0,
    0.28829787234042553,
    0.0,
    0.0,
    0.34945035460992907
  ],
  "std": [
    0.36490385154433214,
    0.15773406802424783,
    0.12935050343457113,
    0.36490385154433214,
    0.15207506240804075,
    0.06889670080650849,
    0.05640304741198215,
    0.1407274317600134,
    0.4113992046121236,
    0.17024487636689783,
    0.17180358024522216,
    0.2803797574675104,
    0.2938750359955769,
    1.0,
    1.0,
    0.21647447686705135,
    0.17811649386863226,
    0.03259904988522111,
    0.08007651262916417,
    1.0,
    0.07273826771897353,
    0.03259904988522228,
    1.0,
    0.4752003140270195,
    0.4740905323939957,
    0.003561983989216356,
    0.00356462711527483,
    0.0014706759371229442,
    0.005105247811894528,
    0.30704490979814925,
    0.13388184805887965,
    0.2213890698589337,
    0.28529064065954624,
    0.004803270502643318,
    0.004563496414936843,
    0.001305980407672206,
    1.0,
    1.0,
    0.06066275859104386,
    0.05881127530937555,
    0.058180088756990336,
    0.016746188719430413,
    0.34144427838839403,
    0.12183509057865123,
    0.002462481002503467,
    0.002462481002503467,
    0.13034135630574317,
    0.4928499175154541,
    0.2624873090859216,
    0.25394294893128627,
    0.3519398764898782,
    0.39749169183250427,
    1.0,
    1.0,
    1.0,
    1.0,
    1.0,
    0.48989794855661384,
    0.4785294376551773,
    1.373321820108821,
    0.6938908373606049,
    0.8354831888846966,
    1.2676977408281296,
    0.3721697413580829,
    0.05881127530937555,
    0.14690567197202786,
    0.38818729747876846,
    0.4991945627792622,
    0.49992171530154433,
    0.48286154731926817,
    1.0,
    1.0,
    0.4529704285540234,
    1.0,
    1.0,
    0.47679639708484306
  ]
}