{
  "mean": [
    0.12455673758865249,
    0.028918439716312055,
    0.022783687943262413,
    0.12349290780141844,
    0.04429078014184397,
    0.0031914893617021275,
    0.00576241134751773,
    0.022304964539007092,
    0.1529964539007092,
    0.038386524822695035,
    0.03918439716312057,
    0.10070921985815603,
    0.08654255319148936,
    0.0,
    0.0,
    0.04104609929078014,
    0.04226950354609929,
    0.014397163120567377,
    0.01322695035460993,
    0.0029078014184397163,
    0.0031914893617021275,
    0.0010638297872340426,
    0.0,
    0.34381205673758863,
    0.34294326241134754,
    -3.825109254499738e-05,
    -3.946220001138163e-05,
    0.0013777120451883376,
    0.001963516186493662,
    0.5066087693511858,
    0.4880499616407968,
    0.06063829787234042,
    0.014663120567375886,
    -0.0003015490568776412,
    -0.0003062092418095512,
    4.660183172938853e-06,
    0.0,
    0.0,
    1.0015662083389065,
    0.9970303016457152,
    0.9924943928335999,
    0.009062318562574154,
    0.48188531546767616,
    0.9966312056737588,
    0.0019876816975702497,
    0.0019876816975702497,
    0.22551554173653854,
    0.24517730496453902,
    0.49140479223313904,
    0.49128136206299383,
    0.2027482269503546,
    0.2021808510638298,
    0.0,
    0.0,
    0.0,
    0.0,
    0.0,
    0.3956560283687943,
    0.3770567375886525,
    1.0104802883635704,
    1.018552259560278,
    1.0050795055201924,
    -1.007809623533807,
    0.15173758865248227,
    0.9970303016457152,
    0.9792746631251582,
    0.8238243977186528,
    0.4818439716312057,
    0.4951950354609929,
    0.3595212765957447,
    0.0,
    0.0,
    0.18085106382978725,
    0.0,
    0.0,
    0.25113475177304967
  ],
  "std": [
    0.3302156215414416,
    0.1675773360591689,
    0.14921324172803105,
    0.3290021421268493,
    0.2057403872269746,
    0.05640304741196461,
    0.07569151843488438,
    0.1476734678130572,
    0.3599840815847797,
    0.19212756058090955,
    0.19403345119363252,
    0.30094330511527634,
    0.2811635461410239,
    1.0,
    1.0,
    0.19839686747474367,
    0.20120336134377365,
    0.11912130294216941,
    0.11424534186973018,
    0.053845576506782025,
    0.05640304741199733,
    0.03259904988521511,
    1.0,
    0.4749792904743275,
    0.47469272290402675,
    0.0015561447960740864,
    0.0015557115318818003,
    0.0007438146923889761,
    0.0014602540606424902,
    0.3302825685573891,
    0.11622561314793864,
    0.23866565463733896,
    0.12020030558447126,
    0.0016770725229120107,
    0.001584012157295634,
    0.0004950140471430009,
    1.0,
    1.0,
    0.05848294663474281,
    0.05808374364813822,
    0.05785186783521116,
    0.0062399539917690795,
    0.322284761266463,
    0.057943468579585614,
    0.0009578258403340162,
    0.0009578258403340162,
    0.10736746937912522,
    0.4301922757267693,
    0.28138451537475584,
    0.2727252756664084,
    0.4020464941008495,
    0.40162638674132906,
    1.0,
    1.0,
    1.0,
    1.0,
    1.0,
    0.4889911405991492,
    0.4846493105617465,
    1.2431070055448286,
    0.8898163938684827,
    0.6912474838132591,
    0.6790517462149646,
    0.35876634853697953,
    0.05808374364813822,
    0.146038597105817,
    0.38651335578297435,
    0.4996702498986843,
    0.4999769117826449,
    0.4798601132316568,
    1.0,
    1.0,
    0.38489473436424626,
    1.0,
    1.0,
    0.4336658716396211
  ]
}