{
  "mean": [
    0.10202020202020202,
    0.007070707070707071,
    0.00404040404040404,
    0.044444444444444446,
    0.006060606060606061,
    0.00909090909090909,
    0.013131313131313131,
    0.007070707070707071,
    0.21616161616161617,
    0.024242424242424242,
    0.026262626262626262,
    0.12828282828282828,
    0.1191919191919192,
    0.0,
    0.0,
    0.12121212121212122,
    0.11818181818181818,
    0.3939393939393939,
    0.41414141414141414,
    0.020202020202020204,
    0.026262626262626262,
    0.12626262626262627,
    0.13434343434343435,
    0.0,
    0.0,
    -2.7539088803819846e-05,
    -3.3856323579256226e-05,
    0.0031543503635378736,
    0.0049805280373218935,
    0.5051419036917283,
    51.787825848793744,
    0.050505050505050504,
    0.09494949494949495,
    -19.478771517784665,
    -18.794979704453617,
    -3.892006431115322,
    0.03737373737373737,
    0.03636363636363636,
    116415.7316674243,
    115120.30803333335,
    113824.88439924238,
    0.02251223516847057,
    0.5174291634144637,
    0.12323232323232323,
    560.319914524739,
    0.004880815397730262,
    30.940051451065166,
    0.603030303030303,
    53.792539543135845,
    53.785943302821565,
    0.16262626262626262,
    0.2292929292929293,
    115029.92696464647,
    114994.22406565656,
    115017.08822979797,
    114926.85418686869,
    114975.81832323232,
    0.49393939393939396,
    0.5373737373737374,
    742.8564888964647,
    1.0489524749871877,
    -7472.1815205939465,
    -6941.638368572735,
    0.4767676767676768,
    115120.30803333335,
    115187.40625232323,
    115465.34661434343,
    115096.97017788097,
    115117.65031167268,
    0.5212121212121212,
    0.4767676767676768,
    0.36363636363636365,
    0.00101010101010101,
    0.25555555555555554,
    0.3090909090909091,
    0.4353535353535353
  ],
  "scale": [
    0.3026748757329541,
    0.08378969013087066,
    0.06343563017417204,
    0.20608041101101562,
    0.07761362712039817,
    0.09491187735373227,
    0.11383708423339266,
    0.08378969013087066,
    0.4116257667590967,
    0.15380093988423663,
    0.15991529234071353,
    0.33440446206739927,
    0.32401420584793217,
    1.0,
    1.0,
    0.3263736246748184,
    0.32282328917390374,
    0.48862168171506365,
    0.49257314506006494,
    0.14069079067862747,
    0.15991529234071353,
    0.3321451120698461,
    0.3410209318975093,
    1.0,
    1.0,
    0.0035527032223396857,
    0.003555214006440529,
    0.0015045133596851652,
    0.00504131894548141,
    0.30734076675505917,
    13.735844036464394,
    0.21898468069372523,
    0.2931451660156291,
    543.325933480579,
    516.0431714075469,
    147.66313386568044,
    0.18967588441458835,
    0.18719327529067276,
    4426.318531944249,
    4278.702257594912,
    4344.0998672373635,
    0.016710816536338473,
    0.33856391816068815,
    0.32870369292584384,
    282.99597761058874,
    0.002534684166987131,
    13.600037989520853,
    0.4892696155060969,
    28.470985254745045,
    26.257730607646938,
    0.3690243370436108,
    0.4203780225811014,
    4411.189264961196,
    4321.716379257872,
    4347.783545103656,
    4123.237080005953,
    4553.5748478039695,
    0.4999632677049167,
    0.4986012472454506,
    523.6283052690446,
    0.8223734339878586,
    18171.196937258515,
    17408.463718270963,
    0.4994599675221517,
    4278.702257594912,
    4054.6934000930037,
    2886.6736983553105,
    4318.910693888826,
    4193.784426431146,
    0.49954984327260316,
    0.49945996752215177,
    0.4810456929208347,
    0.0317660306939725,
    0.4361730316975671,
    0.462118728259594,
    0.4958032216602807
  ],
  "n_features": 76,
  "var": [
    0.09161208039995919,
    0.0070207121722273245,
    0.004024079175594327,
    0.04246913580246913,
    0.006023875114784207,
    0.009008264462809917,
    0.012958881746760536,
    0.0070207121722273245,
    0.16943577186001427,
    0.023654729109274568,
    0.02557290072441587,
    0.11182634425058667,
    0.10498520559126617,
    0.0,
    0.0,
    0.10651974288337923,
    0.10421487603305786,
    0.23875114784205695,
    0.2426283032343638,
    0.019793898581777367,
    0.02557290072441587,
    0.11032037547189062,
    0.11629527599224569,
    0.0,
    0.0,
    1.2621700186022785e-05,
    1.2639546631590919e-05,
    2.2635604494711432e-06,
    2.541489671006979e-05,
    0.09445834690958768,
    188.67341139407446,
    0.04795429037853279,
    0.08593408835833077,
    295203.0699925426,
    266300.5547563588,
    21804.401103033862,
    0.03597694112845628,
    0.0350413223140496,
    19592295.74623309,
    18307293.009147797,
    18871203.656531677,
    0.00027925138931116333,
    0.11462552668031716,
    0.10804611774308744,
    80086.72334377284,
    6.424623826375246e-06,
    184.9610333164104,
    0.23938475665748388,
    810.5970013759097,
    689.4684166637588,
    0.1361789613304765,
    0.176717681869197,
    19458590.731308896,
    18677232.46274577,
    18903221.755074114,
    17001084.017936025,
    20735043.894552946,
    0.24996326905417823,
    0.24860320375471892,
    274186.60207893176,
    0.6762980649289827,
    330192398.13263327,
    303054609.0303565,
    0.24946025915722886,
    18307293.009147797,
    16440538.568757761,
    8332885.040776327,
    18652989.581787266,
    17587827.81537642,
    0.24955004591368235,
    0.24946025915722891,
    0.23140495867768598,
    0.0010090807060504027,
    0.19024691358024687,
    0.21355371900826448,
    0.2458208346087134
  ]
}