{
  "mean": [
    0.14812056737588652,
    0.019822695035460993,
    0.0300354609929078,
    0.14812056737588652,
    0.029361702127659574,
    0.0018617021276595746,
    0.007695035460992908,
    0.01957446808510638,
    0.186968085106383,
    0.026542553191489363,
    0.033156028368794326,
    0.10328014184397163,
    0.1051063829787234,
    0.0,
    0.0010638297872340426,
    0.057198581560283686,
    0.05088652482269503,
    0.005,
    0.0048049645390070925,
    0.0010638297872340426,
    0.0038120567375886523,
    0.0010638297872340426,
    0.0,
    0.31393617021276593,
    0.3630141843971631,
    -0.00014238095291741485,
    -0.00014743524503560914,
    0.0025915664052182036,
    0.003940669574290977,
    0.49060095645876617,
    0.47056914681608375,
    0.09202127659574467,
    0.011187943262411347,
    -0.0010792413262924877,
    -0.0010767500903962124,
    -2.4912386837071774e-06,
    0.0,
    0.0,
    1.0065758915425191,
    0.9980958688512761,
    0.9896158460089078,
    0.016887250387511078,
    0.45907668973564447,
    0.9966312056737588,
    0.0039513806258522285,
    0.0039513806258522285,
    0.2554674621383455,
    0.4415780141843972,
    0.48769217446456326,
    0.4876945429133476,
    0.20292553191489363,
    0.15604609929078014,
    0.0,
    0.0,
    0.0,
    0.0,
    0.0,
    0.3754787234042553,
    0.3751063829787234,
    1.0403006275278246,
    1.0402901420678865,
    1.034344112231852,
    -1.0117549161344592,
    0.1724645390070922,
    0.9980958688512761,
    0.9820536023642578,
    0.833847187223798,
    0.4588829787234043,
    0.4218439716312057,
    0.1549468085106383,
    0.0,
    0.0,
    0.08590425531914894,
    0.0,
    0.0,
    0.2097872340425532
  ],
  "std": [
    0.35521946018764794,
    0.13939065893025956,
    0.1706848911761522,
    0.35521946018764794,
    0.16881822347087636,
    0.04310726380606489,
    0.08738318997525396,
    0.13853269752758807,
    0.3898859067190469,
    0.16074217262932577,
    0.17904386655683416,
    0.3043244225241053,
    0.30669044855652033,
    1.0,
    0.03259904988520302,
    0.23222166959121807,
    0.21976598102099543,
    0.07053367989828688,
    0.06915111607760763,
    0.03259904988520744,
    0.06162406154270264,
    0.03259904988520304,
    1.0,
    0.46409077909930135,
    0.48086888683262935,
    0.0031716792921934753,
    0.0031783156884222863,
    0.0018552370081915484,
    0.004537902840393384,
    0.311759372314803,
    0.1184476676716445,
    0.2890559828985395,
    0.1051797185199941,
    0.003358171571531103,
    0.003191199786166196,
    0.0009484728646326206,
    1.0,
    1.0,
    0.05975950778985776,
    0.0584692298969171,
    0.05793497741294828,
    0.01320648497719299,
    0.32518111859930204,
    0.057943468579585614,
    0.0022305810206299163,
    0.0022305810206299163,
    0.12555215801475506,
    0.49657514192036184,
    0.26996803511606926,
    0.26183677469573563,
    0.40217752350429203,
    0.36289904131464457,
    1.0,
    1.0,
    1.0,
    1.0,
    1.0,
    0.484246271720204,
    0.48415037377589204,
    1.6037983189154628,
    0.9873027113503459,
    0.7881047790670985,
    0.5125981299934802,
    0.3777836970970373,
    0.0584692298969171,
    0.14682686187834026,
    0.3917416638358868,
    0.49830652269567705,
    0.4938538601951859,
    0.3618539692236378,
    1.0,
    1.0,
    0.28022261549899213,
    1.0,
    1.0,
    0.4071566657633047
  ]
}