{
  "mean": [
    0.11281914893617022,
    0.02269503546099291,
    0.01592198581560284,
    0.11281914893617022,
    0.03308510638297872,
    0.005319148936170213,
    0.006826241134751773,
    0.019148936170212766,
    0.16996453900709219,
    0.033599290780141844,
    0.030602836879432625,
    0.09289007092198581,
    0.08618794326241135,
    0.0,
    0.0005851063829787234,
    0.03705673758865248,
    0.05560283687943263,
    0.004574468085106383,
    0.00551418439716312,
    0.0031914893617021275,
    0.006382978723404255,
    0.0010638297872340426,
    0.0,
    0.3359042553191489,
    0.33588652482269504,
    -3.3119582199460705e-05,
    -3.580551170898616e-05,
    0.0020803605803837158,
    0.0031860043765820256,
    0.507175771962081,
    0.49605170560432665,
    0.05682624113475177,
    0.02127659574468085,
    -0.00031013168010458376,
    -0.00032845252035711587,
    1.832083440629839e-05,
    0.0,
    0.0,
    1.0038819239167034,
    0.9970218091209729,
    0.9901616953249941,
    0.013703528762512662,
    0.48875567907094297,
    0.9966312056737588,
    0.003225331938058115,
    0.003225331938058115,
    0.23933556386395127,
    0.3807269503546099,
    0.5025561924407536,
    0.5024648913475586,
    0.18299645390070923,
    0.18572695035460993,
    0.0,
    0.0,
    0.0,
    0.0,
    0.0,
    0.43542553191489364,
    0.32838652482269504,
    1.0056768768244417,
    1.0140554821419907,
    1.0048937400071123,
    -1.0204799820022683,
    0.1600177304964539,
    0.9970218091209729,
    0.9791450043170588,
    0.822982324832086,
    0.507145390070922,
    0.5299822695035461,
    0.4397517730496454,
    0.0,
    0.0,
    0.25549645390070924,
    0.0,
    0.0,
    0.30101063829787233
  ],
  "std": [
    0.3163715988666093,
    0.14892941558471195,
    0.12517378392978976,
    0.3163715988666093,
    0.17885883293431942,
    0.07273826771897522,
    0.08233859099305837,
    0.13704836523562616,
    0.37560164334981433,
    0.18019538961692316,
    0.17223908747542602,
    0.29027832445110147,
    0.2806413755998064,
    1.0,
    0.024181894745849232,
    0.18890086232719716,
    0.22915313964765385,
    0.06747994018111049,
    0.07405253653722797,
    0.05640304741196733,
    0.07963815860526889,
    0.03259904988521892,
    1.0,
    0.47230560718400943,
    0.47229944660713247,
    0.002318092068103031,
    0.0023171583551598257,
    0.0010564856155264742,
    0.0021040430165686725,
    0.31397116638367384,
    0.11354523680313139,
    0.23151030096576722,
    0.14430489325798104,
    0.0025268502198251804,
    0.002398245400479169,
    0.0007439190960354778,
    1.0,
    1.0,
    0.05891687854535363,
    0.0582298110839923,
    0.05791680300610787,
    0.009338039191505476,
    0.3278599032525076,
    0.057943468579585614,
    0.0013900892000533968,
    0.0013900892000533968,
    0.09971831081015858,
    0.4855655873599269,
    0.2700152038833496,
    0.26184593064187756,
    0.3866636157702102,
    0.3888861662062451,
    1.0,
    1.0,
    1.0,
    1.0,
    1.0,
    0.4958126037847214,
    0.46962625047771206,
    1.1079495921398004,
    0.7937672340849582,
    0.7213010732450188,
    0.5345983007415849,
    0.3666224985231348,
    0.0582298110839923,
    0.1461656968150653,
    0.386268289570834,
    0.4999489407935744,
    0.4991002539727696,
    0.4963568788177333,
    1.0,
    1.0,
    0.4361399040959907,
    1.0,
    1.0,
    0.45869732278428
  ]
}