{
  "mean": [
    0.14677304964539006,
    0.023404255319148935,
    0.017659574468085106,
    0.14677304964539006,
    0.025868794326241135,
    0.002127659574468085,
    0.00425531914893617,
    0.02101063829787234,
    0.22930851063829788,
    0.0200177304964539,
    0.015390070921985816,
    0.08,
    0.08656028368794326,
    0.0,
    0.0,
    0.04448581560283688,
    0.040939716312056736,
    0.002127659574468085,
    0.0031914893617021275,
    0.0010638297872340426,
    0.002127659574468085,
    0.0010638297872340426,
    0.0,
    0.3375177304964539,
    0.3492375886524823,
    -9.579170863365474e-05,
    -0.00011598073031248061,
    0.005600292271152568,
    0.009114082507910504,
    0.5102135495504435,
    0.4977694703184121,
    0.06450354609929078,
    0.06437943262411347,
    -0.0009083887955312223,
    -0.0008813950306489944,
    -2.699375611328391e-05,
    0.0,
    0.0,
    1.017858812194978,
    0.9979380068246354,
    0.9780172027341018,
    0.039617194578213395,
    0.5015366759944826,
    0.9445035460992908,
    0.009027825680161753,
    0.009027825680161753,
    0.30853355592288445,
    0.5892730496453901,
    0.5262687482643238,
    0.5262403600961498,
    0.13191489361702127,
    0.17599290780141844,
    0.0,
    0.0,
    0.0,
    0.0,
    0.0,
    0.3775709219858156,
    0.3783156028368794,
    1.0171155503040827,
    1.0094846535579745,
    1.044122247040166,
    -0.7437284990922314,
    0.17547872340425533,
    0.9979380068246354,
    0.9815540361404419,
    0.8353532303563247,
    0.5120212765957447,
    0.46033687943262414,
    0.31063829787234043,
    0.0,
    0.0,
    0.18404255319148935,
    0.0,
    0.0,
    0.2981028368794326
  ],
  "std": [
    0.3538795297035202,
    0.15118365041272327,
    0.13171072051158111,
    0.3538795297035202,
    0.15874381816729766,
    0.046077463463212315,
    0.06509386613095701,
    0.14341963385889553,
    0.42038805595196876,
    0.14006077595897104,
    0.12309840226020292,
    0.27129319932516416,
    0.2811896174749682,
    1.0,
    1.0,
    0.20617184049470721,
    0.1981505890486173,
    0.0460774634632353,
    0.05640304741195589,
    0.03259904988522152,
    0.04607746346323329,
    0.03259904988521174,
    1.0,
    0.47286310079876354,
    0.4767291634931129,
    0.006351749046151072,
    0.006354498462524889,
    0.002798729737386567,
    0.010215224268758942,
    0.2828935756969334,
    0.13363238313799838,
    0.2456477938836574,
    0.2454276294124864,
    0.008471860360945572,
    0.008009887246897905,
    0.0024545099858747713,
    1.0,
    1.0,
    0.06558172582940797,
    0.06075500506761281,
    0.06018399056663649,
    0.031952730613007775,
    0.34127909696016534,
    0.22894671324383947,
    0.0044793024821361905,
    0.0044793024821361905,
    0.1370900783167705,
    0.4919657738169175,
    0.25054432180977787,
    0.24267860729147162,
    0.3383982187586118,
    0.38081413341016057,
    1.0,
    1.0,
    1.0,
    1.0,
    1.0,
    0.4847794558939341,
    0.48496691380673235,
    1.1533081980690338,
    0.5807288623761145,
    0.8969795834604544,
    0.9303085262088211,
    0.3803760521335294,
    0.06075500506761281,
    0.14929190583874474,
    0.39538252390760825,
    0.49985546801959135,
    0.49842435420718056,
    0.4627549521803498,
    1.0,
    1.0,
    0.387518892192839,
    1.0,
    1.0,
    0.4574248960471309
  ]
}