{
  "mean": [
    0.1324822695035461,
    0.014042553191489362,
    0.022730496453900708,
    0.1324822695035461,
    0.024273049645390073,
    0.00425531914893617,
    0.0027836879432624113,
    0.012570921985815603,
    0.20407801418439717,
    0.028528368794326242,
    0.019982269503546098,
    0.09436170212765957,
    0.10310283687943263,
    0.0,
    0.0,
    0.05136524822695036,
    0.04836879432624114,
    0.002127659574468085,
    0.0031914893617021275,
    0.005319148936170213,
    0.00425531914893617,
    0.0,
    0.0,
    0.3317198581560284,
    0.3655673758865248,
    -0.0001409631627921818,
    -0.00015562470345930254,
    0.004361838591200422,
    0.006890269489566703,
    0.4984405026457901,
    0.48339050475428713,
    0.09627659574468085,
    0.02872340425531915,
    -0.001218261249242034,
    -0.0012160778425735518,
    -2.1834045529069806e-06,
    0.0,
    0.0,
    1.0129151026492422,
    0.9982670426664623,
    0.9836189796252454,
    0.029180969371392675,
    0.4797309974841142,
    0.9636524822695035,
    0.0069000430619434935,
    0.0069000430619434935,
    0.26858165328674916,
    0.4832446808510638,
    0.4972293158425084,
    0.49725382051265515,
    0.1879964539007092,
    0.16340425531914893,
    0.0,
    0.0,
    0.0,
    0.0,
    0.0,
    0.34365248226950357,
    0.355709219858156,
    1.0370523700353207,
    1.0373186583523737,
    1.0376600007696988,
    -1.0129970899110137,
    0.16445035460992907,
    0.9982670426664623,
    0.9825760827694379,
    0.8342765860988739,
    0.48141843971631204,
    0.48407801418439717,
    0.2424822695035461,
    0.0,
    0.0,
    0.1573936170212766,
    0.0,
    0.0,
    0.2751950354609929
  ],
  "std": [
    0.33901433269223086,
    0.11766630737530921,
    0.1490430172294657,
    0.33901433269223086,
    0.15389564225906316,
    0.06509386613095157,
    0.0526871808383643,
    0.11141316756217678,
    0.4030262749635521,
    0.16647672800807753,
    0.13993919539935915,
    0.2923312697936663,
    0.3040931467608687,
    1.0,
    1.0,
    0.22074161252813398,
    0.21454429393865734,
    0.046077463463209484,
    0.056403047411968735,
    0.0727382677189903,
    0.06509386613094786,
    1.0,
    1.0,
    0.4708309610261097,
    0.48158890100777313,
    0.0054225360671124575,
    0.005408598242117385,
    0.003234944014277513,
    0.008229056438054327,
    0.2930273743767306,
    0.12838817670343716,
    0.2949701897760723,
    0.16702805244412816,
    0.006330718545184389,
    0.006053655031516154,
    0.0016895004409876351,
    1.0,
    1.0,
    0.062129945649150906,
    0.05947631014113658,
    0.05919367540091902,
    0.023803840459605322,
    0.3306280644440133,
    0.1871533480471391,
    0.0041236385855056065,
    0.0041236385855056065,
    0.12644245254295486,
    0.4997191804205255,
    0.26420124489506686,
    0.2571761433838805,
    0.3907093385386265,
    0.36973409994561895,
    1.0,
    1.0,
    1.0,
    1.0,
    1.0,
    0.47492678772577374,
    0.4787276582421296,
    1.3643929035145355,
    0.8641555408970939,
    0.8509854850438299,
    0.44081768305010766,
    0.3706837405104041,
    0.05947631014113658,
    0.14816168425718831,
    0.3938290193356482,
    0.4996546063205109,
    0.4997464260677974,
    0.4285844356481786,
    1.0,
    1.0,
    0.36417147930937593,
    1.0,
    1.0,
    0.44661250309268674
  ]
}