{
  "mean": [
    0.09393939393939393,
    0.0030303030303030303,
    0.00202020202020202,
    0.051515151515151514,
    0.006060606060606061,
    0.010101010101010102,
    0.00909090909090909,
    0.012121212121212121,
    0.24848484848484848,
    0.007070707070707071,
    0.014141414141414142,
    0.12323232323232323,
    0.11414141414141414,
    0.0,
    0.0,
    0.13737373737373737,
    0.13636363636363635,
    0.23232323232323232,
    0.2717171717171717,
    0.025252525252525252,
    0.021212121212121213,
    0.11212121212121212,
    0.12626262626262627,
    0.0,
    0.0,
    -8.901256574867628e-05,
    -0.00010870989150941758,
    0.005517189385891387,
    0.00898799686896923,
    0.5099602119619528,
    50.10664753852324,
    0.06262626262626263,
    0.06161616161616162,
    -3.0704411856293303,
    -2.965054050806382,
    -0.10599720978603053,
    0.03333333333333333,
    0.03232323232323232,
    4387.087747207156,
    4304.744748484848,
    4222.401749762541,
    0.038841064836806216,
    0.497700041584151,
    0.1494949494949495,
    37.37661832509044,
    0.008849280175433764,
    30.29151586232011,
    0.5838383838383838,
    53.021932328472516,
    53.01941082063912,
    0.1505050505050505,
    0.19595959595959597,
    4299.326257575757,
    4299.684277777778,
    4299.508553030302,
    4301.672732323233,
    4289.303121212121,
    0.4767676767676768,
    0.498989898989899,
    20379.94617322222,
    1.0518431349226103,
    -267907.60280545463,
    -259440.88240674254,
    0.40606060606060607,
    4304.744748484848,
    4311.623335151516,
    4355.875450101009,
    4302.723319502421,
    4305.779770822392,
    0.501010101010101,
    0.4444444444444444,
    0.30707070707070705,
    0.00202020202020202,
    0.16161616161616163,
    0.3414141414141414,
    0.49696969696969695
  ],
  "scale": [
    0.2917443816180413,
    0.05496471862793046,
    0.044901233880591654,
    0.22104601484650768,
    0.07761362712039818,
    0.0999948983496128,
    0.09491187735373227,
    0.10942709142586537,
    0.43213438715093055,
    0.08378969013087066,
    0.11807385209052493,
    0.32870369292584384,
    0.3179829424972546,
    1.0,
    1.0,
    0.34424147578946496,
    0.3431742925123068,
    0.42231403960337116,
    0.4448448609472663,
    0.1568911572425158,
    0.14409082942992416,
    0.3155155240454616,
    0.3321451120698461,
    1.0,
    1.0,
    0.006273893269403058,
    0.006276797610684995,
    0.0028267774066684207,
    0.010028706810461802,
    0.28408684634143855,
    13.103653858863751,
    0.24228952485761537,
    0.24045708607535915,
    34.1359574799777,
    32.26578470902165,
    9.938259434825161,
    0.1795054935711501,
    0.1768571202281963,
    230.47134567912568,
    238.89016009678497,
    263.5248567497821,
    0.03181562330933478,
    0.33803516685818136,
    0.35657567159083076,
    17.073164895835873,
    0.0045690392412505165,
    14.051951044078761,
    0.49292101334328187,
    26.941210703242835,
    24.866818119926187,
    0.3575657705618963,
    0.3969375677747672,
    247.04383592991954,
    241.1574974130891,
    242.81413542848944,
    233.7286848242656,
    257.98875298337055,
    0.49945996752215177,
    0.49999897969490836,
    11908.683060509822,
    0.8819993561466116,
    349887.28910594375,
    341561.23062888265,
    0.49109611102746425,
    238.89016009678497,
    222.39902665098435,
    153.31790551357474,
    241.48877578996604,
    231.68664220536243,
    0.49999897969490836,
    0.4969039949999533,
    0.46127896974586113,
    0.044901233880591654,
    0.3680983264300727,
    0.47418406284541664,
    0.49999081717922034
  ],
  "n_features": 76,
  "var": [
    0.0851147842056933,
    0.003021120293847566,
    0.002016120803999592,
    0.0488613406795225,
    0.006023875114784208,
    0.009998979695949395,
    0.009008264462809917,
    0.011974288337924698,
    0.18674012855831032,
    0.007020712172227325,
    0.01394143454749516,
    0.10804611774308744,
    0.10111315171921234,
    0.0,
    0.0,
    0.11850219365370879,
    0.11776859504132231,
    0.17834914804611773,
    0.1978869503111927,
    0.024614835220895817,
    0.020762167125803494,
    0.09955004591368229,
    0.11032037547189062,
    0.0,
    0.0,
    3.9361736755860995e-05,
    3.9398188245500864e-05,
    7.990670506851042e-06,
    0.00010057496029020294,
    0.08070533626422413,
    171.70574445291487,
    0.058704213855729014,
    0.05781961024385268,
    1165.2635930748452,
    1041.0808628889354,
    98.76900059389132,
    0.03222222222222221,
    0.03127844097541068,
    53117.04117914705,
    57068.50859106755,
    69445.35012499317,
    0.0010122338865614867,
    0.1142677740328385,
    0.127146209570452,
    291.49295956040237,
    2.0876119588087095e-05,
    197.45732814518618,
    0.24297112539536786,
    725.8288341565263,
    618.3586434094893,
    0.12785328027752269,
    0.15755943271094788,
    61030.656870969004,
    58156.93855854407,
    58958.70436388481,
    54629.09810968088,
    66558.1966659146,
    0.24946025915722891,
    0.24999897969594936,
    141816732.23567358,
    0.7779228642430374,
    122421115077.90625,
    116664074268.71677,
    0.24117539026629947,
    57068.50859106755,
    49461.32705530525,
    23506.380151069432,
    58316.82883253649,
    53678.70017639563,
    0.24999897969594936,
    0.2469135802469136,
    0.21277828792980308,
    0.002016120803999592,
    0.13549637792062036,
    0.22485052545658604,
    0.24999081726354455
  ]
}