{
  "mean": [
    0.1560968445787177,
    0.01723732796240349,
    0.01460641154749916,
    0.15358341725411212,
    0.02678751258811682,
    0.002899462907015777,
    0.004389056730446458,
    0.010114551863041289,
    0.2363523833501175,
    0.014270728432359853,
    0.009319402484055052,
    0.08943647197045988,
    0.10014056730446459,
    0.0,
    0.0,
    0.04552072843235985,
    0.04476124538435717,
    0.0022343907351460223,
    0.002058157099697885,
    0.0022658610271903325,
    0.0019112957368244378,
    0.00030421282309499835,
    0.0001049009734810339,
    0.3417715676401477,
    0.33337109768378653,
    0.005900268131033625,
    -0.0006515376192985405,
    0.06019458429224386,
    0.05973639332896155,
    0.5187961904378261,
    49.67505892072933,
    0.06336018798254447,
    0.08130664652567976,
    -11.99045102559032,
    -12.577498416437479,
    0.5870473908477556,
    0.5306709466263847,
    0.5306709466263847,
    50.856139553405086,
    50.8523177975512,
    0.3819885028533065,
    0.5017065978022449,
    0.07693017791205102,
    0.053734474655924805,
    260.1044220317109,
    0.1864268629623226,
    0.4320178751258812,
    28.640058871794583,
    20.49530602515787,
    22.311973305001736,
    0.5017665323934206,
    0.22630287009063443,
    6812.596301994733,
    6822.839346623442,
    6811.488187360867,
    6832.466666525466,
    0.48072339711312523,
    0.3689283316549178,
    0.4098103390399463,
    61897713.46139132,
    61782603.33112424,
    1.0280724393339207,
    15211422476.273952,
    0.1492300268546492,
    6835.127878702989,
    6823.160098139934,
    6632.847339202065,
    0.47696374622356497,
    0.48716431688486067,
    0.4809352970795569,
    0.0034680261832829807,
    0.0034890063779791877,
    0.28225075528700905,
    0.4669960557233971,
    0.45050981873111784,
    0.2871538267875126
  ],
  "std": [
    0.36294713071200346,
    0.13015453310251524,
    0.11997109772377414,
    0.36054895811515913,
    0.16146188948912932,
    0.053768541191708104,
    0.06610440916824394,
    0.1000612197793761,
    0.42484106938266475,
    0.11860469949484459,
    0.09608616560836358,
    0.28537272023117227,
    0.3001873316515377,
    1.0,
    1.0,
    0.20844325778347184,
    0.206779293682568,
    0.04721650382237672,
    0.04532020618955198,
    0.047547101920259675,
    0.04367656906671644,
    0.017439044631389893,
    0.010241580408620485,
    0.4743034505376052,
    0.4714178708031125,
    0.45575101213427033,
    0.1070632293786607,
    0.44797005699530973,
    0.04424283967942002,
    0.2745376211018733,
    13.845404080078916,
    0.24360967665867955,
    0.27330546236018366,
    1383.3682599451927,
    1315.0182004656092,
    401.23527210327387,
    0.49905840643414207,
    0.49905840643414207,
    25.561356997805895,
    24.81160876884756,
    0.48587373518443744,
    0.3370618653981528,
    0.2664806290122276,
    0.22549297303732774,
    826.8842897758556,
    2.005223357093166,
    0.4953568720598216,
    13.361012104823363,
    8.404599310346084,
    10.138312415190624,
    0.49999687935329556,
    0.4184374279149311,
    21729.78822530343,
    21601.359057106572,
    21627.29286120435,
    21407.557958047844,
    0.4996282744011084,
    0.4825144741442705,
    0.491798561462697,
    151482255.54926082,
    127516868.55778573,
    0.6316266402676868,
    15360193469.76391,
    0.35631506555238135,
    21746.01244142796,
    21538.46163431958,
    20538.047738974718,
    0.499469049104603,
    0.49983521808535236,
    0.49963640490080324,
    0.058787745131915724,
    0.058964677667725514,
    0.45009473050246745,
    0.49890955058287095,
    0.49754469342805385,
    0.4524339803217431
  ]
}