{
  "mean": [
    0.12278239342061094,
    0.021422876804296744,
    0.015015525344075194,
    0.12180261832829808,
    0.033381587781134606,
    0.0047939744880832495,
    0.004227509231285666,
    0.015590382678751258,
    0.16595963410540449,
    0.033020728432359855,
    0.029242195367573012,
    0.07699941255454851,
    0.08808324941255455,
    0.0001909197717354817,
    0.0004049177576367909,
    0.053361027190332325,
    0.0488838536421618,
    0.03220250083920779,
    0.034296324269889225,
    0.002559583752937227,
    0.001772826451829473,
    0.0023833501174890903,
    0.0,
    0.31308115139308496,
    0.33696710305471633,
    0.005500472758932115,
    -0.0008674808759210838,
    0.030060799527801812,
    0.003258229729394862,
    0.5108816965962493,
    48.55001880230265,
    0.09043722725746894,
    0.042533148707620004,
    -86.46706383563067,
    -86.36944306007986,
    -0.09762077555886241,
    0.4912638469284995,
    0.4912638469284995,
    48.74213463939278,
    48.73929965949851,
    0.36771987244041626,
    -27977.65543530969,
    0.10395476670023499,
    0.11643168848606915,
    32.53250219037655,
    0.03413914358912459,
    0.3645728432359852,
    27.779292157824933,
    22.603911765338772,
    24.375574501650323,
    0.41113418932527696,
    0.21314618999664317,
    11137.047259061193,
    11185.81792048233,
    11133.028943624815,
    11166.937709624906,
    0.5189073514602216,
    0.388395854313528,
    0.37242992614971465,
    128273.05282214285,
    128140.48079422845,
    1.0396723488977744,
    -31189969.117710926,
    0.17487202081235315,
    11173.796174540754,
    11174.265889806626,
    10324.157490566322,
    0.4843445787176905,
    0.5212340550520309,
    0.5562856663309835,
    0.0038351795904665994,
    0.00380580731789191,
    0.327173548170527,
    0.438307737495804,
    0.4572318731117825,
    0.2932422792883518
  ],
  "std": [
    0.32818725948366106,
    0.14478928535509472,
    0.12161438789313565,
    0.32705770209040236,
    0.17963089205012223,
    0.0690723699948511,
    0.06488171851093734,
    0.12388431154456774,
    0.3720443978261496,
    0.17869068225982332,
    0.16848468588388799,
    0.26659051562390546,
    0.28341593213098715,
    0.013816053031751905,
    0.020118493960679516,
    0.2247523703274614,
    0.2156251898437496,
    0.17653753079458548,
    0.18198924806488417,
    0.050527539856512926,
    0.04206760675644642,
    0.048761355187183206,
    1.0,
    0.463747069030401,
    0.47267353904421455,
    0.5700503640327477,
    0.08299093143061284,
    0.5601464023514009,
    0.002457613904748582,
    0.31962603027644476,
    15.311801479278612,
    0.28680713935105195,
    0.20180208117958198,
    1267.497303102222,
    1193.2120002612623,
    376.91676524605066,
    0.4999236738037054,
    0.4999236738037054,
    28.053688360144367,
    27.254433414541694,
    0.48218457861580916,
    2791227.4662965923,
    0.30520185645066716,
    0.32074187503629453,
    226.3662632161556,
    0.5311789598504253,
    0.4813101756779449,
    17.177460474468397,
    10.700523285133233,
    15.09460213065723,
    0.4920394981036325,
    0.4095300864242013,
    31851.90791258732,
    31835.270141600144,
    31782.81354298486,
    31682.62649753509,
    0.49964238417131435,
    0.4873853861862268,
    0.4834520413215595,
    395737.1825106261,
    312177.3505162589,
    0.926756008831117,
    25770677.387149528,
    0.37985760114641276,
    31875.45412381772,
    31779.77383540714,
    30144.201704270523,
    0.4997548476827581,
    0.49954891142715957,
    0.49682182295535793,
    0.061809958647398265,
    0.0615737212495066,
    0.46918122037140486,
    0.4961794682835612,
    0.4981675293736284,
    0.45524855290773547
  ]
}