{
  "mean": [
    0.1,
    0.00909090909090909,
    0.005050505050505051,
    0.047474747474747475,
    0.012121212121212121,
    0.011111111111111112,
    0.00404040404040404,
    0.010101010101010102,
    0.2101010101010101,
    0.007070707070707071,
    0.014141414141414142,
    0.13737373737373737,
    0.11414141414141414,
    0.0,
    0.0,
    0.1292929292929293,
    0.12626262626262627,
    0.17272727272727273,
    0.20202020202020202,
    0.01616161616161616,
    0.026262626262626262,
    0.1393939393939394,
    0.10202020202020202,
    0.0,
    0.0,
    -5.988408762178071e-05,
    -9.140616299204144e-05,
    0.007263965260139012,
    0.011780520241647717,
    0.51947223449993,
    50.80375383197221,
    0.021212121212121213,
    0.01818181818181818,
    -0.10790835332785735,
    -0.08856951831710567,
    -0.005111367606443066,
    0.030303030303030304,
    0.030303030303030304,
    223.98764540302392,
    218.3667787878788,
    212.74591217273365,
    0.05262826104955418,
    0.5104895337545562,
    0.15757575757575756,
    2.4738137692670183,
    0.011599765128438215,
    30.422759220476514,
    0.5878787878787879,
    53.82699920892408,
    53.94339144833785,
    0.1606060606060606,
    0.25555555555555554,
    217.97888383838387,
    218.0924191919192,
    218.06011868686866,
    218.18624242424244,
    217.71553535353536,
    0.5161616161616162,
    0.5111111111111111,
    182001.03088585858,
    1.0644093972658135,
    3488469.0128505044,
    3511703.235310251,
    0.503030303030303,
    218.3667787878788,
    218.81529959595957,
    222.33668333333333,
    218.2670477320429,
    218.3845019637119,
    0.498989898989899,
    0.47878787878787876,
    0.30505050505050507,
    0.00101010101010101,
    0.17373737373737375,
    0.2919191919191919,
    0.5343434343434343
  ],
  "scale": [
    0.3,
    0.09491187735373227,
    0.07088721640211212,
    0.2126520534275567,
    0.10942709142586537,
    0.10482201257840673,
    0.06343563017417206,
    0.0999948983496128,
    0.40738013655005983,
    0.08378969013087066,
    0.11807385209052494,
    0.34424147578946496,
    0.3179829424972546,
    1.0,
    1.0,
    0.3355238705782092,
    0.3321451120698461,
    0.3780113252053053,
    0.4015072103909452,
    0.1260968608834524,
    0.15991529234071353,
    0.3463571409025345,
    0.30267487573295404,
    1.0,
    1.0,
    0.007935480836231008,
    0.007941945719071745,
    0.002900694160514214,
    0.008799377653007966,
    0.2981364464084241,
    13.40209017620585,
    0.14409082942992413,
    0.133608531424537,
    2.2812846071958264,
    2.1783625724961033,
    0.6218326485605158,
    0.1714198257421934,
    0.17141982574219336,
    16.8978794600195,
    17.564746659953222,
    18.912888136330842,
    0.036363072694543815,
    0.34311828776668735,
    0.3643427482470094,
    0.8508220858960313,
    0.0049052629965133385,
    14.392698954004223,
    0.49221673949689587,
    29.163449083451507,
    27.323202258720304,
    0.36716720156171767,
    0.4361730316975671,
    18.011814189459024,
    17.449179691321756,
    17.631660095751776,
    16.67091260224633,
    18.733604060004925,
    0.49973873390307116,
    0.49987652796453297,
    82086.81281117145,
    0.7698021240714013,
    3097378.5442955582,
    3008132.2345932056,
    0.49999081717922034,
    17.564746659953222,
    16.426053772506425,
    10.855977144444065,
    17.73176478805294,
    17.15255162465338,
    0.49999897969490836,
    0.49954984327260316,
    0.460428815799942,
    0.0317660306939725,
    0.37888348961681334,
    0.4546453313390977,
    0.4988191340731611
  ],
  "n_features": 76,
  "var": [
    0.09,
    0.009008264462809917,
    0.005024997449239873,
    0.045220895826956424,
    0.0119742883379247,
    0.010987654320987658,
    0.004024079175594328,
    0.009998979695949397,
    0.1659585756555454,
    0.007020712172227325,
    0.013941434547495161,
    0.11850219365370879,
    0.10111315171921234,
    0.0,
    0.0,
    0.11257626772778287,
    0.11032037547189062,
    0.14289256198347108,
    0.16120803999591876,
    0.01590041832466075,
    0.025572900724415874,
    0.11996326905417815,
    0.09161208039995918,
    0.0,
    0.0,
    6.297185610218959e-05,
    6.307450180468204e-05,
    8.41402661284126e-06,
    7.742904708025599e-05,
    0.08888534067704315,
    179.61602109115333,
    0.02076216712580349,
    0.01785123966942149,
    5.2042594590286155,
    4.745263497251841,
    0.386675842815786,
    0.029384756657483944,
    0.029384756657483937,
    285.53833024534885,
    308.52032522833787,
    357.69733765736396,
    0.001322273055788678,
    0.11773015939994326,
    0.13274563820018367,
    0.7238982218484736,
    2.4061605064963013e-05,
    207.14978318059423,
    0.24227731864095503,
    850.5067624430685,
    746.5573816709384,
    0.134811753902663,
    0.1902469135802469,
    324.4254503955974,
    304.47387190003565,
    310.87543773212553,
    277.9193269917355,
    350.94792107703296,
    0.24973880216304456,
    0.2498765432098765,
    6738244837.496302,
    0.592595310224841,
    9593753846662.473,
    9048859540798.713,
    0.24999081726354455,
    308.52032522833787,
    269.8152425372726,
    117.85223976069193,
    314.415482498834,
    294.21002723639936,
    0.24999897969594936,
    0.24955004591368235,
    0.21199469441893692,
    0.0010090807060504027,
    0.1435526987042139,
    0.20670237730843793,
    0.24882052851749828
  ]
}