{
  "mean": [
    0.1452482269503546,
    0.024361702127659573,
    0.017553191489361703,
    0.1452482269503546,
    0.03925531914893617,
    0.0013475177304964538,
    0.002127659574468085,
    0.02446808510638298,
    0.20828014184397164,
    0.02170212765957447,
    0.01852836879432624,
    0.09429078014184397,
    0.08895390070921985,
    0.0,
    0.0,
    0.039113475177304964,
    0.035141843971631205,
    0.002127659574468085,
    0.00425531914893617,
    0.002127659574468085,
    0.002127659574468085,
    0.0,
    0.0,
    0.33647163120567375,
    0.33148936170212767,
    -0.00010921972372974172,
    -0.00014100184664897798,
    0.007281119241329663,
    0.011891644605553498,
    0.5184262504811558,
    0.5005873880102067,
    0.061010638297872344,
    0.06148936170212766,
    -0.0011137028924076246,
    -0.0010368271719700187,
    -7.687572729720378e-05,
    0.0,
    0.0,
    1.024954799894534,
    0.9982866150912241,
    0.9716184336612833,
    0.05296933745724275,
    0.5001824303050775,
    0.924290780141844,
    0.011803522902848002,
    0.011803522902848002,
    0.3052106184676184,
    0.5853191489361702,
    0.5267280250641762,
    0.5269627717511187,
    0.15265957446808512,
    0.2150886524822695,
    0.0,
    0.0,
    0.0,
    0.0,
    0.0,
    0.3901595744680851,
    0.3853191489361702,
    1.0085754008797254,
    1.0056048347034776,
    1.0259752749292352,
    0.8730320942312335,
    0.15828014184397163,
    0.9982866150912241,
    0.9827484880651988,
    0.8439281399114757,
    0.49925531914893617,
    0.49329787234042555,
    0.30851063829787234,
    0.0,
    0.0,
    0.2,
    0.0,
    0.0,
    0.3118794326241135
  ],
  "std": [
    0.35235093233590564,
    0.15416941848856502,
    0.13132051232720654,
    0.35235093233590564,
    0.1942017998563691,
    0.03668381014101547,
    0.046077463463233846,
    0.1544972424272839,
    0.40607822443160485,
    0.145709111982127,
    0.13485202387849218,
    0.29223283340887946,
    0.2846771930764506,
    1.0,
    1.0,
    0.19386493039451208,
    0.18413824907895632,
    0.0460774634632413,
    0.06509386613095344,
    0.046077463463241354,
    0.04607746346322016,
    1.0,
    1.0,
    0.4725023519511569,
    0.470748515430971,
    0.007967087651002439,
    0.00797418818959696,
    0.0028820921369864232,
    0.008886506556936432,
    0.2975259916727222,
    0.13301646729309377,
    0.2393498283105608,
    0.2402257690166689,
    0.011326037360638566,
    0.010836925926525406,
    0.003077091092567237,
    1.0,
    1.0,
    0.0693130226637253,
    0.062471489053219385,
    0.06127209839592767,
    0.03686751165128694,
    0.345826598841905,
    0.2645322927104185,
    0.004715331109202878,
    0.004715331109202878,
    0.1373235519665136,
    0.4926668679999722,
    0.27101944651594534,
    0.2636002881080536,
    0.35965904519593644,
    0.4108838327989344,
    1.0,
    1.0,
    1.0,
    1.0,
    1.0,
    0.4877858965972276,
    0.4866706303027508,
    0.8828585549803025,
    0.44707090356826656,
    0.7548250052218101,
    0.8146964162379549,
    0.36500347743816935,
    0.062471489053219385,
    0.1517668245813884,
    0.40204700833241475,
    0.49999944544982106,
    0.49995507946704415,
    0.46187858183164776,
    1.0,
    1.0,
    0.4000000000002967,
    1.0,
    1.0,
    0.46326088992067266
  ]
}