{
  "mean": [
    0.12663120567375888,
    0.02056737588652482,
    0.015957446808510637,
    0.12663120567375888,
    0.042641843971631205,
    0.006382978723404255,
    0.0028368794326241137,
    0.01324468085106383,
    0.18267730496453902,
    0.025921985815602837,
    0.02567375886524823,
    0.09955673758865248,
    0.08164893617021277,
    0.0010638297872340426,
    0.0,
    0.04258865248226951,
    0.05216312056737589,
    0.009432624113475178,
    0.00425531914893617,
    0.002127659574468085,
    0.0010638297872340426,
    0.0016134751773049646,
    0.0,
    0.32810283687943265,
    0.34047872340425533,
    -6.49864741184669e-05,
    -6.986441190966738e-05,
    0.002790592769845116,
    0.004299363509507467,
    0.5103045364436264,
    0.4885210595707944,
    0.04287234042553192,
    0.009273049645390071,
    -0.0005768466683932907,
    -0.000595189857031047,
    1.834319210914864e-05,
    0.0,
    0.0,
    1.0063515045266624,
    0.9973730590041224,
    0.9883946125822287,
    0.017932077749922923,
    0.47483260476891553,
    0.9966312056737588,
    0.004351303126165109,
    0.004351303126165109,
    0.23187278287102145,
    0.316063829787234,
    0.49153805019003705,
    0.49131888374778715,
    0.1828368794326241,
    0.16443262411347517,
    0.0,
    0.0,
    0.0,
    0.0,
    0.0,
    0.37634751773049646,
    0.37382978723404253,
    0.9930009224269777,
    1.0036063145663827,
    0.9982639681991744,
    -1.0145340689019346,
    0.1421631205673759,
    0.9973730590041224,
    0.9800738307421512,
    0.8250108646754677,
    0.4972517730496454,
    0.46861702127659577,
    0.4026595744680851,
    0.0,
    0.0,
    0.19079787234042553,
    0.0,
    0.0,
    0.2574290780141844
  ],
  "std": [
    0.3325593833036992,
    0.14193082447335165,
    0.12531084031270884,
    0.3325593833036992,
    0.20204830391353876,
    0.07963815860520501,
    0.05318676101913965,
    0.11432086108940233,
    0.3864017432874401,
    0.15890260056705283,
    0.15816009917472268,
    0.29940807201764913,
    0.27382912078955096,
    0.03259904988521138,
    1.0,
    0.20192785632995172,
    0.22235586212196246,
    0.09666255591392063,
    0.06509386613094784,
    0.04607746346322416,
    0.03259904988522387,
    0.04013566836566112,
    1.0,
    0.4695224864807202,
    0.4738701956371562,
    0.0031203238645121823,
    0.003123916089031828,
    0.0014489340709791946,
    0.0026919444051910417,
    0.3102611681397894,
    0.10859347665773307,
    0.20256925445881624,
    0.09584915333824674,
    0.0031136294061796083,
    0.0029202817414441117,
    0.000974958574342219,
    1.0,
    1.0,
    0.05932258164381938,
    0.05841810171975046,
    0.058066758920897445,
    0.011400835893383024,
    0.3240034021141672,
    0.057943468579585614,
    0.001681017506023854,
    0.001681017506023854,
    0.09493342168214063,
    0.46493815211001616,
    0.26520114343917234,
    0.25694714090559034,
    0.38653273464469684,
    0.37066768977159525,
    1.0,
    1.0,
    1.0,
    1.0,
    1.0,
    0.4844688469126252,
    0.48381926109942425,
    0.9954767960389822,
    0.6596733150757234,
    0.7244253437689112,
    0.4611838430180722,
    0.34921736457084784,
    0.05841810171975046,
    0.1464450096879846,
    0.38732548592696087,
    0.49999244719163016,
    0.4990141367200017,
    0.4904333201949019,
    1.0,
    1.0,
    0.392930075523328,
    1.0,
    1.0,
    0.43721773500949473
  ]
}