{
  "mean": [
    0.12370567375886525,
    0.010567375886524823,
    0.013209219858156028,
    0.12370567375886525,
    0.02303191489361702,
    0.00851063829787234,
    0.006914893617021276,
    0.01200354609929078,
    0.20136524822695034,
    0.023599290780141845,
    0.019148936170212766,
    0.09875886524822695,
    0.10684397163120567,
    0.0,
    0.0,
    0.050549645390070924,
    0.04796099290780142,
    0.00650709219858156,
    0.0031914893617021275,
    0.0010638297872340426,
    0.004893617021276595,
    0.002127659574468085,
    0.0,
    0.3356560283687943,
    0.3575886524822695,
    -0.0001806862698460257,
    -0.0002097638960505513,
    0.005761706792148398,
    0.008874174954381224,
    0.4984872274425918,
    0.488328606313002,
    0.06808510638297872,
    0.052109929078014185,
    -0.0016329355413895654,
    -0.0016110428648130155,
    -2.189267079623936e-05,
    0.0,
    0.0,
    1.0177446257433993,
    0.9988564331966935,
    0.9799682402388846,
    0.037547384184134586,
    0.47789462567013125,
    0.9604609929078014,
    0.008902777073655528,
    0.008902777073655528,
    0.25044669137184394,
    0.3948936170212766,
    0.4993733524070088,
    0.4994824930070404,
    0.17797872340425533,
    0.18393617021276595,
    0.0,
    0.0,
    0.0,
    0.0,
    0.0,
    0.35349290780141845,
    0.40356382978723404,
    1.0374906131277746,
    1.0376930398911448,
    1.0269358954055512,
    -1.001243088968362,
    0.14666666666666667,
    0.9988564331966935,
    0.9842106044440405,
    0.8419541097997774,
    0.4700709219858156,
    0.43175531914893617,
    0.3044858156028369,
    0.0,
    0.0,
    0.17808510638297873,
    0.0,
    0.0,
    0.25333333333333335
  ],
  "std": [
    0.3292454707944229,
    0.10225314886788196,
    0.11416976994321715,
    0.3292454707944229,
    0.15000481922245912,
    0.0918597155102733,
    0.0828678337070567,
    0.10890115233694808,
    0.4010203050139979,
    0.1517971154364241,
    0.13704836523565211,
    0.29833798246783405,
    0.3089147736144574,
    1.0,
    1.0,
    0.21907619391660366,
    0.2136837290649164,
    0.08040366875772788,
    0.056403047411997295,
    0.03259904988520286,
    0.06978301751664803,
    0.046077463463261234,
    1.0,
    0.4722192912073565,
    0.4792901084920059,
    0.0076814507171666215,
    0.007597111349510367,
    0.005172597892557898,
    0.008223278969418744,
    0.2970802298342841,
    0.12501705829328444,
    0.251891890841743,
    0.22224869936504835,
    0.00786735126636001,
    0.007540967757029265,
    0.0021193798572997865,
    1.0,
    1.0,
    0.06454515514736177,
    0.06034305497078905,
    0.059759315490471025,
    0.02934556081529272,
    0.33474040239059877,
    0.19487348206032942,
    0.004424923652646656,
    0.004424923652646656,
    0.10984240017611681,
    0.48882783089436616,
    0.271527770952521,
    0.26344028224431537,
    0.38249483319317945,
    0.3874321301855297,
    1.0,
    1.0,
    1.0,
    1.0,
    1.0,
    0.47805404708642296,
    0.49061192920136604,
    1.122014587988718,
    0.706315824974857,
    0.7510963121345348,
    0.5246555465204737,
    0.35377331097122605,
    0.06034305497078905,
    0.1493585586982165,
    0.3993408303972902,
    0.4991034464811709,
    0.49532076832650984,
    0.46018931289159987,
    1.0,
    1.0,
    0.38258437143652974,
    1.0,
    1.0,
    0.43492017147453266
  ]
}