{
  "mean": [
    0.12907801418439716,
    0.025815602836879434,
    0.02271276595744681,
    0.12907801418439716,
    0.03606382978723404,
    0.002127659574468085,
    0.010567375886524823,
    0.010230496453900709,
    0.16367021276595745,
    0.04326241134751773,
    0.03971631205673759,
    0.08478723404255319,
    0.08888297872340425,
    0.002127659574468085,
    0.0010638297872340426,
    0.05157801418439716,
    0.0575177304964539,
    0.032322695035460994,
    0.02446808510638298,
    0.005035460992907801,
    0.0010638297872340426,
    0.0031914893617021275,
    0.0,
    0.31835106382978723,
    0.32906028368794327,
    -4.498785379115064e-05,
    -4.792424035103784e-05,
    0.0021376364343894186,
    0.003135938214896501,
    0.5073712619674782,
    0.49183885806682687,
    0.04115248226950355,
    0.014893617021276596,
    -0.00037148008609759806,
    -0.00038166109633240586,
    1.0181007644993918e-05,
    0.0,
    0.0,
    1.0035594584491658,
    0.9971197130208742,
    0.9906799670599454,
    0.012864401283709444,
    0.4728323923219458,
    0.9966312056737588,
    0.003194428082257889,
    0.003194428082257889,
    0.22529526420690596,
    0.3082446808510638,
    0.5091364436881973,
    0.5092025654579361,
    0.15276595744680851,
    0.1779255319148936,
    0.0,
    0.0,
    0.0,
    0.0,
    0.0,
    0.4213297872340426,
    0.31370567375886527,
    0.9848937415770183,
    0.9966520184681401,
    1.0105358930239916,
    -1.0141467406043572,
    0.17136524822695035,
    0.9971197130208742,
    0.9794410278442058,
    0.823273413351453,
    0.49093971631205674,
    0.49553191489361703,
    0.363386524822695,
    0.0,
    0.0,
    0.22923758865248228,
    0.0,
    0.0,
    0.25799645390070924
  ],
  "std": [
    0.3352862664030261,
    0.15858485894638719,
    0.14898622828980956,
    0.3352862664030261,
    0.18644900098503978,
    0.04607746346324321,
    0.10225314886793524,
    0.10062720008133953,
    0.3699760454664263,
    0.20344722930506035,
    0.19529190104394645,
    0.27856482007959954,
    0.2845747613837823,
    0.046077463463228864,
    0.032599049885210896,
    0.2211735125127343,
    0.23282921031303624,
    0.17685569943065577,
    0.15449724242727877,
    0.07078209608018961,
    0.0325990498852217,
    0.05640304741192982,
    1.0,
    0.4658365206681655,
    0.4698719116815639,
    0.002421748905844998,
    0.0024235305754756135,
    0.0011929852392415412,
    0.0022469628365598833,
    0.3226806528362024,
    0.10263130903167277,
    0.1986427835903597,
    0.12112719427650212,
    0.0021954883081198844,
    0.002056809370552614,
    0.0006964143116906726,
    1.0,
    1.0,
    0.058793652606099325,
    0.05819378483500787,
    0.05788753904085382,
    0.00827046090163141,
    0.3218031007257763,
    0.057943468579585614,
    0.00136691715401376,
    0.00136691715401376,
    0.0995591680570636,
    0.4617682292863326,
    0.26212424517448657,
    0.25353856960954124,
    0.3597617540710477,
    0.3824500451140169,
    1.0,
    1.0,
    1.0,
    1.0,
    1.0,
    0.4937722122837232,
    0.46399830173197454,
    1.5566452291999207,
    1.0131069172734513,
    1.02577861407667,
    0.38677467600709203,
    0.3768278120404623,
    0.05819378483500787,
    0.14614780009704528,
    0.3863276039289984,
    0.49991790451964757,
    0.4999800358169664,
    0.4809748001716317,
    1.0,
    1.0,
    0.42034238021074527,
    1.0,
    1.0,
    0.43753203731319057
  ]
}