{
  "mean": [
    0.1383838383838384,
    0.00202020202020202,
    0.00202020202020202,
    0.07777777777777778,
    0.00404040404040404,
    0.006060606060606061,
    0.00909090909090909,
    0.01717171717171717,
    0.2505050505050505,
    0.014141414141414142,
    0.01919191919191919,
    0.07676767676767676,
    0.07676767676767676,
    0.0,
    0.0,
    0.10202020202020202,
    0.09292929292929293,
    0.14444444444444443,
    0.19494949494949496,
    0.01919191919191919,
    0.025252525252525252,
    0.046464646464646465,
    0.06060606060606061,
    0.00101010101010101,
    0.0,
    -0.00033390913889477965,
    -0.00037499185666407835,
    0.006073982942862328,
    0.011120967209987937,
    0.49881479767551207,
    48.366486477910534,
    0.01717171717171717,
    0.00202020202020202,
    -0.017880195366364003,
    -0.017565945809256456,
    -0.0002098503447550256,
    0.03232323232323232,
    0.03232323232323232,
    7.921474234746694,
    7.761985909090909,
    7.602497583435124,
    0.04344601711957572,
    0.4880190524669336,
    0.15252525252525254,
    0.07960665516411254,
    0.010970650446414655,
    31.252478299584002,
    0.591919191919192,
    53.09243881346983,
    53.13380020748825,
    0.14444444444444443,
    0.19797979797979798,
    7.7239676767676775,
    7.705314646464646,
    7.714719444444444,
    7.677580303030304,
    7.6692474747474755,
    0.49595959595959593,
    0.5272727272727272,
    195416.4536087879,
    1.0313195750498965,
    2168160.5570575735,
    2134206.369955452,
    0.6050505050505051,
    7.761985909090909,
    7.803190484848484,
    8.016846318181818,
    7.750659481763501,
    7.7686034419214165,
    0.4666666666666667,
    0.4111111111111111,
    0.1595959595959596,
    0.00101010101010101,
    0.08181818181818182,
    0.41919191919191917,
    0.498989898989899
  ],
  "scale": [
    0.3453024060993408,
    0.044901233880591654,
    0.044901233880591654,
    0.26782157318208777,
    0.06343563017417206,
    0.07761362712039818,
    0.09491187735373227,
    0.1299109283358861,
    0.43330390048615136,
    0.11807385209052494,
    0.1371990868397091,
    0.26622246443786496,
    0.26622246443786496,
    1.0,
    1.0,
    0.3026748757329541,
    0.29033332472341955,
    0.35153982265680833,
    0.3961618221995045,
    0.1371990868397091,
    0.1568911572425158,
    0.21048915196171483,
    0.2386062992124791,
    0.0317660306939725,
    1.0,
    0.008775603437570313,
    0.009208824897559555,
    0.006269979741906892,
    0.037226081419665796,
    0.2855252605267204,
    12.228408305886866,
    0.12991092833588608,
    0.044901233880591654,
    0.07600212403609204,
    0.07092509269571032,
    0.024521644023303403,
    0.17685712022819627,
    0.17685712022819627,
    0.8695403271328352,
    0.8971951407141833,
    0.9668344347135291,
    0.06165509393477401,
    0.3378711327396771,
    0.35952927539681734,
    0.05730169370122647,
    0.010553772810909898,
    15.153654662589872,
    0.49147824179400124,
    27.005152894603267,
    24.83395737938684,
    0.3515398226568083,
    0.39847684697065694,
    0.9537024298557618,
    1.0097043810485886,
    0.9780307183305524,
    1.0913702231625935,
    0.9614733655674726,
    0.4999836748686804,
    0.499255644281672,
    225609.04715491028,
    1.038419371501434,
    2991191.1401158064,
    2913620.1689372673,
    0.48883984226803134,
    0.8971951407141833,
    0.8580342617474503,
    0.6979148493794918,
    0.9057541827752393,
    0.8834985293387974,
    0.4988876515698588,
    0.4920353294552118,
    0.366230923430292,
    0.03176603069397249,
    0.27408751693966066,
    0.4934268477455546,
    0.49999897969490836
  ],
  "n_features": 76,
  "var": [
    0.11923375165799409,
    0.002016120803999592,
    0.002016120803999592,
    0.0717283950617284,
    0.004024079175594328,
    0.006023875114784209,
    0.009008264462809917,
    0.016876849301091734,
    0.18775227017651255,
    0.013941434547495161,
    0.018823589429650043,
    0.07087440057137026,
    0.07087440057137027,
    0.0,
    0.0,
    0.09161208039995919,
    0.08429343944495458,
    0.12358024691358026,
    0.15694418936843182,
    0.01882358942965004,
    0.024614835220895817,
    0.04430568309356188,
    0.056932966023875105,
    0.001009080706050403,
    0.0,
    7.70112156934959e-05,
    8.480245599391275e-05,
    3.931264596392281e-05,
    0.0013857811378635869,
    0.08152467439885157,
    149.53396969548288,
    0.01687684930109173,
    0.002016120803999592,
    0.005776322857997518,
    0.005030368773895101,
    0.0006013110256056116,
    0.031278440975410673,
    0.031278440975410673,
    0.7561003805102781,
    0.8049591205211432,
    0.9347688241478295,
    0.003801350608105807,
    0.11415690233879253,
    0.1292612998673605,
    0.003283484101029177,
    0.000111382120544301,
    229.6332496330318,
    0.24155086215692276,
    729.2782828608993,
    616.725439121202,
    0.12358024691358023,
    0.15878379757167635,
    0.9095483247127844,
    1.0195029371087134,
    0.9565440859981763,
    1.191088964005969,
    0.924431032695643,
    0.2499836751351903,
    0.2492561983471074,
    50899442158.14653,
    1.0783147911094335,
    8947224436707.297,
    8489182488838.029,
    0.23896439138863376,
    0.8049591205211432,
    0.7362227943324922,
    0.48708513698439865,
    0.8203906396148416,
    0.7805696513438177,
    0.24888888888888885,
    0.2420987654320988,
    0.1341250892766044,
    0.0010090807060504025,
    0.07512396694214878,
    0.24347005407611474,
    0.2499989796959494
  ]
}