{
  "mean": [
    0.15870567375886524,
    0.009361702127659575,
    0.00851063829787234,
    0.15657801418439715,
    0.012819148936170213,
    0.0010638297872340426,
    0.0029787234042553193,
    0.010638297872340425,
    0.25611702127659575,
    0.019113475177304964,
    0.016453900709219857,
    0.07225177304964539,
    0.10939716312056738,
    0.0,
    0.0,
    0.06445035460992908,
    0.07203900709219858,
    0.0673049645390071,
    0.09485815602836879,
    0.002553191489361702,
    0.0031914893617021275,
    0.0,
    0.0,
    0.293031914893617,
    0.2924468085106383,
    -0.00036229216705752597,
    -0.00040490762677979953,
    0.00613690454557832,
    0.011298518746666915,
    0.49988816321734997,
    0.47928894259564,
    0.06702127659574468,
    0.02319148936170213,
    -0.0030828106840314253,
    -0.003022216766871244,
    -6.0593912797537785e-05,
    0.0,
    0.0,
    1.02380565398234,
    1.0010056138894659,
    0.9782055734816595,
    0.04425424532786487,
    0.481204897303935,
    0.951950354609929,
    0.011209989491914537,
    0.011209989491914537,
    0.3117409768121991,
    0.5912588652482269,
    0.5278059639807473,
    0.5279037051251594,
    0.12854609929078015,
    0.1845035460992908,
    0.0,
    0.0,
    0.0,
    0.0,
    0.0,
    0.4123581560283688,
    0.3744503546099291,
    1.021646581561113,
    1.0167233580017978,
    1.0302799827433753,
    -0.9232140114648988,
    0.14418439716312056,
    1.0010056138894659,
    0.9893658084290248,
    0.8628325105812533,
    0.470177304964539,
    0.42102836879432626,
    0.16595744680851063,
    0.0,
    0.0,
    0.1074468085106383,
    0.0,
    0.0,
    0.25721631205673756
  ],
  "std": [
    0.3654013996630608,
    0.09630192449238179,
    0.09185971551026172,
    0.36340244861386617,
    0.11249363696099147,
    0.03259904988521749,
    0.054496335758793986,
    0.10259202937224927,
    0.4364872193878113,
    0.13692388485557605,
    0.12721308840164983,
    0.2589043343414658,
    0.31213686713004796,
    1.0,
    1.0,
    0.24555346953471155,
    0.2585524870298829,
    0.2505494088746347,
    0.2930189179272479,
    0.05046456878421411,
    0.05640304741196299,
    1.0,
    1.0,
    0.4551529542335742,
    0.45488643934785533,
    0.008932575067280162,
    0.009380367456957589,
    0.006406081578565582,
    0.03817811878131568,
    0.2855762193305914,
    0.1245353570640885,
    0.25005884323337685,
    0.15051127593265232,
    0.01243599450129337,
    0.011414310351075057,
    0.004097934142498825,
    1.0,
    1.0,
    0.08427630636363784,
    0.06515651407353643,
    0.06272729437766325,
    0.06302500144493288,
    0.3418122809301298,
    0.21387116909015383,
    0.010718157507331294,
    0.010718157507331294,
    0.14257558926545902,
    0.4916012810332748,
    0.25422397880056574,
    0.246623105569813,
    0.33469687726055086,
    0.38789429948913257,
    1.0,
    1.0,
    1.0,
    1.0,
    1.0,
    0.4922589838543127,
    0.4839806675295433,
    2.384817924141616,
    1.1858870749336825,
    1.0538195971642879,
    0.7789660803435648,
    0.3512766100636116,
    0.06515651407353643,
    0.15388950329901813,
    0.4102052350423401,
    0.4991098144307391,
    0.49372409447470156,
    0.37204243394714237,
    1.0,
    1.0,
    0.30968046733926874,
    1.0,
    1.0,
    0.43709962350576037
  ]
}