{
  "mean": [
    0.16398936170212766,
    0.01648936170212766,
    0.010301418439716312,
    0.16079787234042553,
    0.02368794326241135,
    0.002925531914893617,
    0.01053191489361702,
    0.011134751773049645,
    0.22430851063829788,
    0.020177304964539008,
    0.014893617021276596,
    0.06906028368794326,
    0.10416666666666667,
    0.0,
    0.0010638297872340426,
    0.06813829787234042,
    0.06235815602836879,
    0.06374113475177305,
    0.06489361702127659,
    0.0031914893617021275,
    0.0,
    0.0,
    0.0,
    0.2801241134751773,
    0.32856382978723403,
    -0.00016876196682066963,
    -0.00028523686354042153,
    0.0060675164895955345,
    0.010017975518822171,
    0.49989916213510677,
    0.48866102797448213,
    0.07127659574468086,
    0.02801418439716312,
    -0.0023865878666790756,
    -0.0023617913574046287,
    -2.4796501573731843e-05,
    0.0,
    0.0,
    1.0190902573451506,
    0.9999955120883512,
    0.9809007659829254,
    0.03656294017872469,
    0.5048177295719687,
    0.974290780141844,
    0.009764375650990219,
    0.009764375650990219,
    0.2764335749554613,
    0.43675531914893617,
    0.5348131878018801,
    0.5348786665486001,
    0.12391843971631206,
    0.17147163120567377,
    0.0,
    0.0,
    0.0,
    0.0,
    0.0,
    0.43446808510638296,
    0.3067375886524823,
    1.0411277991570929,
    1.044420580475175,
    1.036822064232266,
    0.5561880534021547,
    0.14829787234042552,
    0.9999955120883512,
    0.986943476820457,
    0.8515649691002166,
    0.5196099290780142,
    0.47829787234042553,
    0.2119326241134752,
    0.0,
    0.0,
    0.14822695035460992,
    0.0,
    0.0,
    0.3140070921985816
  ],
  "std": [
    0.37026591923985747,
    0.12734780191585388,
    0.10097177436216802,
    0.3673444114062643,
    0.15207506240800805,
    0.0540090101548585,
    0.10208326827791402,
    0.10493221181306718,
    0.4171261232451332,
    0.1406064768384535,
    0.12112719427649359,
    0.2535566226799172,
    0.30547663122105145,
    1.0,
    0.032599049885214754,
    0.2519830752954614,
    0.24180491393919773,
    0.24429122475486506,
    0.2463380512449393,
    0.056403047411953615,
    1.0,
    1.0,
    1.0,
    0.449059678133044,
    0.469691004323833,
    0.014397334108422068,
    0.015796314305988792,
    0.013334512016256137,
    0.05005288091269347,
    0.2901542144184267,
    0.11972079382146408,
    0.25728630481169773,
    0.16501330209923307,
    0.013212398367746637,
    0.01223318664525474,
    0.004171843832776951,
    1.0,
    1.0,
    0.09084327511831304,
    0.06669660254787871,
    0.06415147381624689,
    0.071932653176124,
    0.3303217678784594,
    0.1582664079088921,
    0.01507752423744048,
    0.01507752423744048,
    0.14718587724774393,
    0.495983981943183,
    0.24775799203695706,
    0.23955029182231052,
    0.329488482370252,
    0.37692056311290256,
    1.0,
    1.0,
    1.0,
    1.0,
    1.0,
    0.49568696586712757,
    0.46113950206014537,
    2.3661081905907397,
    1.6396841233883643,
    1.1187016679711572,
    1.2184677048482482,
    0.35539501037528837,
    0.06669660254787871,
    0.15507900221072604,
    0.40733179908151623,
    0.4996153026894786,
    0.4995287956216283,
    0.4086773629035421,
    1.0,
    1.0,
    0.35532481132520954,
    1.0,
    1.0,
    0.46411920693689623
  ]
}