{
  "mean": [
    0.1451418439716312,
    0.009379432624113474,
    0.011755319148936171,
    0.1451418439716312,
    0.03195035460992908,
    0.005319148936170213,
    0.006382978723404255,
    0.014680851063829787,
    0.23391843971631204,
    0.014893617021276596,
    0.010088652482269504,
    0.08134751773049645,
    0.09069148936170213,
    0.0,
    0.0,
    0.052393617021276595,
    0.04849290780141844,
    0.01276595744680851,
    0.012429078014184396,
    0.0031914893617021275,
    0.0,
    0.0,
    0.0,
    0.3253368794326241,
    0.3333333333333333,
    -0.00041740328832781307,
    -0.0005240192949693032,
    0.012252844939196601,
    0.020462325284421008,
    0.5084142436291891,
    0.478209080739964,
    0.05882978723404255,
    0.022340425531914895,
    -0.004400140797535903,
    -0.004450473064231757,
    5.03322954421279e-05,
    0.0,
    0.0,
    1.0444001027075112,
    1.0026921500624917,
    0.9609841966301415,
    0.08174853426183026,
    0.4771455137902815,
    0.7649822695035461,
    0.02072032653817458,
    0.020720326525294586,
    0.26355766999277663,
    0.4280496453900709,
    0.48874876489017344,
    0.48876329076232006,
    0.14652482269503547,
    0.1076950354609929,
    0.0,
    0.0,
    0.0,
    0.0,
    0.0,
    0.32872340425531915,
    0.4375709219858156,
    0.9838374966841376,
    0.9944153467098132,
    1.0156788841851636,
    -0.993794370890222,
    0.17170212765957446,
    1.0026921500624917,
    0.9931157343005035,
    0.8725899018357831,
    0.4526063829787234,
    0.40425531914893614,
    0.23829787234042554,
    0.0,
    0.0,
    0.15851063829787235,
    0.0,
    0.0,
    0.22021276595744682
  ],
  "std": [
    0.35224379213858525,
    0.0963922137299959,
    0.10778279835227327,
    0.35224379213858525,
    0.17586793184152857,
    0.07273826771902235,
    0.07963815860521885,
    0.12027187400163782,
    0.4233209223238801,
    0.12112719427649199,
    0.09993433630818725,
    0.2733680652336106,
    0.2871698854668376,
    1.0,
    1.0,
    0.22281949177919463,
    0.21480536700536834,
    0.11226302943210258,
    0.11079077594235805,
    0.05640304741196194,
    1.0,
    1.0,
    1.0,
    0.46850058091084557,
    0.471404520791231,
    0.014427437471148611,
    0.01468489108993726,
    0.007619937188618669,
    0.026987529752361003,
    0.27190139513303574,
    0.114328062143188,
    0.235305850688176,
    0.14778812847769895,
    0.017495197806184627,
    0.01660156364820302,
    0.005197843228623325,
    1.0,
    1.0,
    0.09027371459951655,
    0.0697105909864792,
    0.06706090311885712,
    0.06904105926984656,
    0.33090994173211213,
    0.424009901828454,
    0.011133420169961052,
    0.011133420119451926,
    0.12556534775911146,
    0.494796065537658,
    0.23412412221925932,
    0.22621954761726318,
    0.3536315865828689,
    0.30999486253482045,
    1.0,
    1.0,
    1.0,
    1.0,
    1.0,
    0.4697492179344194,
    0.4960873010049065,
    1.1392033171945093,
    0.6228707092848091,
    0.9426913668691362,
    0.6039974386449074,
    0.3771213425630773,
    0.0697105909864792,
    0.16058661198113433,
    0.4232614995210524,
    0.4977487770607933,
    0.49074734445416096,
    0.4260422471757798,
    1.0,
    1.0,
    0.36521913400634237,
    1.0,
    1.0,
    0.4143900380882803
  ]
}