{
  "mean": [
    0.11313131313131314,
    0.0030303030303030303,
    0.0030303030303030303,
    0.0595959595959596,
    0.005050505050505051,
    0.007070707070707071,
    0.00101010101010101,
    0.012121212121212121,
    0.2292929292929293,
    0.010101010101010102,
    0.0030303030303030303,
    0.1101010101010101,
    0.1202020202020202,
    0.0,
    0.0,
    0.1202020202020202,
    0.12424242424242424,
    0.10606060606060606,
    0.1303030303030303,
    0.025252525252525252,
    0.03232323232323232,
    0.09292929292929293,
    0.10303030303030303,
    0.0,
    0.0,
    -0.0003769422659897727,
    -0.0004872119245221405,
    0.012733335109545047,
    0.02093665195434702,
    0.5077018136676346,
    47.99893209995866,
    0.00909090909090909,
    0.00101010101010101,
    -0.0006210083262349548,
    -0.0006626011825159049,
    -8.482843308685343e-05,
    0.03838383838383838,
    0.03737373737373737,
    0.20321914421291792,
    0.1952927575757576,
    0.18736637093859726,
    0.08416377094350709,
    0.47068430661225336,
    0.15151515151515152,
    0.003920599302277168,
    0.020931971749579826,
    25.202842778243976,
    0.397979797979798,
    48.93446953344755,
    48.866978588942885,
    0.16565656565656567,
    0.13636363636363635,
    0.19440616161616164,
    0.19497732323232322,
    0.19464633838383838,
    0.19575737373737373,
    0.19178525252525253,
    0.3575757575757576,
    0.4535353535353535,
    24462201.97771717,
    1.0112249603591796,
    -843878484.8927275,
    -825359236.8023487,
    0.3878787878787879,
    0.1952927575757576,
    0.196453498989899,
    0.20158611464646461,
    0.1947889975582157,
    0.19535774380646334,
    0.43737373737373736,
    0.38484848484848483,
    0.23636363636363636,
    0.00202020202020202,
    0.1414141414141414,
    0.33131313131313134,
    0.5272727272727272
  ],
  "scale": [
    0.31675324642455976,
    0.05496471862793046,
    0.05496471862793046,
    0.23673673393834838,
    0.07088721640211212,
    0.08378969013087066,
    0.0317660306939725,
    0.10942709142586537,
    0.42037802258110135,
    0.0999948983496128,
    0.05496471862793046,
    0.31301561890063473,
    0.32519762382491874,
    1.0,
    1.0,
    0.32519762382491874,
    0.32985791526169217,
    0.3079151732257814,
    0.3366365259398894,
    0.1568911572425158,
    0.17685712022819627,
    0.2903333247234196,
    0.3039984534299261,
    1.0,
    1.0,
    0.014692210135506294,
    0.014926404252088285,
    0.00765526189339034,
    0.0265932250513457,
    0.27166679506706004,
    11.17477303011731,
    0.09491187735373227,
    0.0317660306939725,
    0.002747223036388124,
    0.002543154535042722,
    0.000969497364812998,
    0.1921211059065655,
    0.18967588441458835,
    0.029814954361637235,
    0.029356098187252582,
    0.029994710160761988,
    0.06797125732449275,
    0.326491127093048,
    0.3585502898848253,
    0.0016942169923754044,
    0.011309894104207335,
    13.007802790568253,
    0.48948123394033927,
    25.18439672179184,
    23.11490179037531,
    0.37177206445809996,
    0.3431742925123068,
    0.030429033806516476,
    0.03059131814527151,
    0.030378629119388767,
    0.03106491510818116,
    0.031344988236757944,
    0.4792862768428496,
    0.49783635527039954,
    15972227.449558027,
    0.9256731519757448,
    562804797.589999,
    559016290.4876956,
    0.48726669678161894,
    0.029356098187252582,
    0.027738442273004933,
    0.019502959762617064,
    0.029520337018773397,
    0.028677628002764098,
    0.4960624469050911,
    0.4865594810075233,
    0.424848052565379,
    0.044901233880591654,
    0.34844824870020885,
    0.47068539422061856,
    0.49925564428167196
  ],
  "n_features": 76,
  "var": [
    0.10033261912049789,
    0.003021120293847566,
    0.003021120293847566,
    0.056044281195796346,
    0.005024997449239873,
    0.007020712172227325,
    0.001009080706050403,
    0.0119742883379247,
    0.17671768186919698,
    0.009998979695949395,
    0.003021120293847566,
    0.09797877767574739,
    0.10575349454137334,
    0.0,
    0.0,
    0.10575349454137334,
    0.1088062442607897,
    0.09481175390266296,
    0.11332415059687784,
    0.024614835220895817,
    0.031278440975410673,
    0.0842934394449546,
    0.09241505968778696,
    0.0,
    0.0,
    0.0002158610386658739,
    0.00022279754389675923,
    5.860303465639425e-05,
    0.0007071996186315205,
    0.073802847542008,
    124.87555227463719,
    0.009008264462809917,
    0.001009080706050403,
    7.547234411661583e-06,
    6.467634989108365e-06,
    9.399251403793473e-07,
    0.03691051933476176,
    0.03597694112845628,
    0.0008889315035865112,
    0.0008617805007796143,
    0.0008996826376281184,
    0.004620091822272409,
    0.10659645607048884,
    0.12855831037649224,
    2.870371217253561e-06,
    0.00012791370464838384,
    169.20293343831523,
    0.23959187837975715,
    634.2538382405994,
    534.2986847786957,
    0.13821446791143763,
    0.11776859504132231,
    0.0009259260983981226,
    0.0009358287458652179,
    0.0009228611071733751,
    0.0009650289506785021,
    0.0009825082875624938,
    0.22971533516988063,
    0.2478410366289155,
    255112049700414.94,
    0.8568707842887104,
    3.167492401903197e+17,
    3.124992130306236e+17,
    0.23742883379247015,
    0.0008617805007796143,
    0.0007694211797328271,
    0.0003803654395022602,
    0.0008714502977019631,
    0.0008224063478649195,
    0.24607795122946635,
    0.23674012855831042,
    0.18049586776859503,
    0.002016120803999592,
    0.1214161820222426,
    0.2215447403326191,
    0.24925619834710736
  ]
}