{
  "mean": [
    0.12395390070921986,
    0.030443262411347517,
    0.019627659574468086,
    0.12395390070921986,
    0.033297872340425534,
    0.0031914893617021275,
    0.007109929078014185,
    0.016507092198581562,
    0.13340425531914893,
    0.03551418439716312,
    0.04281914893617021,
    0.06265957446808511,
    0.10687943262411348,
    0.0,
    0.0,
    0.06952127659574468,
    0.05815602836879433,
    0.06223404255319149,
    0.06468085106382979,
    0.0031914893617021275,
    0.002127659574468085,
    0.0,
    0.0,
    0.2779609929078014,
    0.3203014184397163,
    -6.654613224582265e-05,
    -7.521214950165103e-05,
    0.0036393997344685426,
    0.005237218215770553,
    0.5121637245909648,
    0.4878388345474047,
    0.03789007092198582,
    0.011702127659574468,
    -0.0005869117694783119,
    -0.0005941344146926153,
    7.222651256936242e-06,
    0.0,
    0.0,
    1.0084485731205197,
    0.997428775269089,
    0.9864089787302288,
    0.02199541793960305,
    0.47669475053285965,
    0.9966312056737588,
    0.0053673781915476995,
    0.005367378187956163,
    0.20085837320008493,
    0.1930851063829787,
    0.47422793374429884,
    0.47426187248979795,
    0.19439716312056737,
    0.16141843971631206,
    0.0,
    0.0,
    0.0,
    0.0,
    0.0,
    0.32567375886524824,
    0.3951418439716312,
    1.0140327334980619,
    1.0201326670045865,
    1.0159529226607518,
    -1.0234709241281208,
    0.18558510638297873,
    0.997428775269089,
    0.9802040390670299,
    0.8271858112609133,
    0.4603191489361702,
    0.4808510638297872,
    0.3700709219858156,
    0.0,
    0.0,
    0.2404255319148936,
    0.0,
    0.0,
    0.2597872340425532
  ],
  "std": [
    0.32952895352017825,
    0.17180358024524134,
    0.13871703051219117,
    0.32952895352017825,
    0.17941327720660685,
    0.0564030474119713,
    0.08402010465667573,
    0.1274151015607656,
    0.34001111743858725,
    0.1850754632678078,
    0.20244917737677853,
    0.2423496486392513,
    0.3089598995114092,
    1.0,
    1.0,
    0.25433849236062184,
    0.23403825484991855,
    0.24158014508787698,
    0.24596186405514597,
    0.05640304741196617,
    0.04607746346324534,
    1.0,
    1.0,
    0.4479940617122742,
    0.46659234861436455,
    0.004161975798095747,
    0.004162914293832393,
    0.0021050024535202616,
    0.004003938661761982,
    0.33229098141636554,
    0.10005020228069264,
    0.19093038901003295,
    0.10754156344325883,
    0.003749081304349244,
    0.003497849950229425,
    0.0012179314083931908,
    1.0,
    1.0,
    0.06004978829205206,
    0.05866410396815633,
    0.058281773099620085,
    0.015332291041679562,
    0.3172921399684445,
    0.057943468579585614,
    0.0023765432447344246,
    0.0023765432435323957,
    0.09443274291959809,
    0.39471920155499135,
    0.26479479312600945,
    0.25571989314708055,
    0.3957359044756034,
    0.36791646747013873,
    1.0,
    1.0,
    1.0,
    1.0,
    1.0,
    0.4686260360372757,
    0.4888811380227357,
    2.02913344518519,
    0.964848097792064,
    1.0106013107840566,
    0.45373987801361754,
    0.38877149416035334,
    0.05866410396815633,
    0.1466606934604186,
    0.3886267778822889,
    0.49842294294989065,
    0.49963318368937454,
    0.48282339906677463,
    1.0,
    1.0,
    0.42734189534662453,
    1.0,
    1.0,
    0.43851776140883125
  ]
}