{
  "mean": [
    0.15666666666666668,
    0.018918439716312057,
    0.015585106382978723,
    0.1524113475177305,
    0.024078014184397162,
    0.0016312056737588653,
    0.0015070921985815603,
    0.009982269503546099,
    0.2102836879432624,
    0.021595744680851063,
    0.01551418439716312,
    0.07920212765957446,
    0.11113475177304964,
    0.0,
    0.0,
    0.056046099290780145,
    0.05117021276595745,
    0.0325354609929078,
    0.032890070921985815,
    0.0,
    0.002127659574468085,
    0.0,
    0.0,
    0.3039007092198582,
    0.3375,
    -0.00027984112575968085,
    -0.0003703140444978857,
    0.00849034737006279,
    0.013477137543594198,
    0.5013906851487485,
    0.47935595555376287,
    0.07611702127659574,
    0.03822695035460993,
    -0.003086459696522583,
    -0.003059499103912913,
    -2.6960581349287025e-05,
    0.0,
    0.0,
    1.0291902316218995,
    1.0008924109441169,
    0.9725945933416803,
    0.05535257780275486,
    0.47989220696147233,
    0.900886524822695,
    0.013514819004620815,
    0.013514818992236206,
    0.2644979295324772,
    0.4704255319148936,
    0.4979843616345567,
    0.4980923300795257,
    0.16322695035460993,
    0.13629432624113474,
    0.0,
    0.0,
    0.0,
    0.0,
    0.0,
    0.3594503546099291,
    0.3689007092198582,
    1.0339423259320926,
    1.0365768683216938,
    1.0309284978032323,
    -0.9521323363882231,
    0.15659574468085105,
    1.0008924109441169,
    0.9892585377490267,
    0.8600735679744406,
    0.4698936170212766,
    0.4297695035460993,
    0.25601063829787235,
    0.0,
    0.0,
    0.14148936170212767,
    0.0,
    0.0,
    0.26347517730496456
  ],
  "std": [
    0.36348620637134,
    0.1362370447235332,
    0.12386367846146691,
    0.3594191545612235,
    0.1532914329547194,
    0.04035523314032244,
    0.03879202072183755,
    0.09941138666724303,
    0.40751007168936737,
    0.145359445831871,
    0.12358598010964805,
    0.27005397725959884,
    0.31429893210332555,
    1.0,
    1.0,
    0.23001072593489366,
    0.22034478004126043,
    0.17741731812558312,
    0.1783488552156191,
    1.0,
    0.04607746346322724,
    1.0,
    1.0,
    0.45994028759763694,
    0.47285700798448205,
    0.013162385593070293,
    0.013616794382939867,
    0.010235994133563272,
    0.03114177161162909,
    0.2911676301955473,
    0.12487256722357101,
    0.265185256657798,
    0.19174371077344343,
    0.013642156914010719,
    0.012836219415608974,
    0.004025227524403923,
    1.0,
    1.0,
    0.08442524817254697,
    0.06588775927634823,
    0.06524692773460508,
    0.06735794571412193,
    0.33329359137924136,
    0.2988143139404995,
    0.013600575975615875,
    0.013600575973057886,
    0.12202673774008115,
    0.4991245844853548,
    0.24816072505529085,
    0.24029184474365659,
    0.3695726086070473,
    0.343100834851473,
    1.0,
    1.0,
    1.0,
    1.0,
    1.0,
    0.4798393451781082,
    0.4825069698531046,
    2.44017228561826,
    1.3515050569677314,
    1.0565322794954979,
    0.9630336932171492,
    0.3634192034397221,
    0.06588775927634823,
    0.15569015976375628,
    0.41605432637039363,
    0.4990927826605936,
    0.49504310657542855,
    0.4364277619220875,
    1.0,
    1.0,
    0.3485256407028352,
    1.0,
    1.0,
    0.440517886412208
  ]
}